sequence,term,seo_title,meta_description,links,words,category,related,schema
1,مکانیک کوانتومی,مکانیک کوانتومی چیست؟ تعریف ساده، مثال و کاربردهای مهم,مکانیک کوانتومی چیست؟ نظریه‌ای بنیادی برای توصیف رفتار ماده و نور در مقیاس‌های اتمی و زیراتمی است. کاربرد آن را بخوانید.,4,256,مفاهیم پایه,https://qpedia.ir/what-is-quantum/,DefinedTerm
2,فیزیک کوانتومی,فیزیک کوانتومی چیست؟ تعریف ساده، مثال و کاربردهای مهم,فیزیک کوانتومی چیست؟ حوزه‌ای از فیزیک است که پدیده‌های وابسته به کوانتش، برهم‌نهی، اندازه‌گیری و میدان‌های کوانتومی را بررسی می‌کند.,4,260,مفاهیم پایه,https://qpedia.ir/quantum-physics-vs-quantum-mechanics/,DefinedTerm
3,کوانتش,کوانتش چیست؟ معنی ساده، مثال روزمره و کاربرد در کوانتوم,کوانتش چیست؟ محدودشدن بعضی کمیت‌های فیزیکی به مجموعه‌ای از مقدارهای مجاز و گسسته است. مثال روزمره و مرز تمثیل را ببینید.,4,245,مفاهیم پایه,https://qpedia.ir/energy-levels/,DefinedTerm
4,حالت کوانتومی,حالت کوانتومی چیست؟ تعریف ساده، مثال و کاربردهای مهم,حالت کوانتومی چیست؟ کامل‌ترین توصیف ریاضی موجود از اطلاعات و نتیجه‌های قابل پیش‌بینی یک سامانه کوانتومی است. مثال آن را ببینید.,4,258,مفاهیم پایه,https://qpedia.ir/quantum-state/,DefinedTerm
5,تابع موج,تابع موج چیست؟ تعریف روان، مثال روزمره و کاربردهای واقعی,تابع موج چیست؟ ساختاری ریاضی است که دامنه‌های احتمال و اطلاعات حالت یک سامانه کوانتومی را رمزگذاری می‌کند. مثال آن را ببینید.,4,265,مفاهیم پایه,https://qpedia.ir/wave-function/,DefinedTerm
6,دامنه احتمال,دامنه احتمال چیست؟ تعریف ساده، مثال و کاربردهای مهم,دامنه احتمال چیست؟ کمیتی مختلط است که مربع اندازه آن احتمال مشاهده یک نتیجه را تعیین می‌کند. مثال روزمره و مرز تمثیل را ببینید.,4,264,مفاهیم پایه,https://qpedia.ir/born-probability/,DefinedTerm
7,احتمال کوانتومی,احتمال کوانتومی چیست؟ تعریف ساده، مثال و کاربردهای مهم,احتمال کوانتومی چیست؟ احتمالی است که از دامنه‌های کوانتومی و تداخل آن‌ها به دست می‌آید، نه فقط از ناآگاهی کلاسیکی. مثال آن را ببینید.,4,264,مفاهیم پایه,https://qpedia.ir/quantum-probability/,DefinedTerm
8,برهم‌نهی کوانتومی,برهم‌نهی کوانتومی چیست؟ تعریف ساده، مثال و کاربردهای مهم,برهم‌نهی کوانتومی چیست؟ حالتی است که در آن سامانه با ترکیبی از چند حالت پایه و دامنه‌های مشخص توصیف می‌شود. مثال آن را ببینید.,4,257,مفاهیم پایه,https://qpedia.ir/quantum-superposition/,DefinedTerm
9,درهم‌تنیدگی کوانتومی,درهم‌تنیدگی کوانتومی چیست؟ تعریف ساده، مثال و کاربرد,درهم‌تنیدگی کوانتومی چیست؟ ویژگی حالت مشترک چند سامانه است که هم‌بستگی‌های آن را نمی‌توان به حالت‌های مستقل اجزا فروکاست.,4,259,مفاهیم پایه,https://qpedia.ir/quantum-entanglement-explained/,DefinedTerm
10,همدوسی کوانتومی,همدوسی کوانتومی چیست؟ تعریف ساده، مثال و کاربردهای مهم,همدوسی کوانتومی چیست؟ حفظ رابطه فازی مشخص میان بخش‌های مختلف یک حالت کوانتومی است. مثال و کاربرد ساده را در واژه‌نامهٔ Qpedia بخوانید.,4,243,مفاهیم پایه,https://qpedia.ir/coherence/,DefinedTerm
11,واهمدوسی,واهمدوسی چیست؟ تعریف روان، مثال روزمره و کاربردهای واقعی,واهمدوسی چیست؟ پخش‌شدن اطلاعات فاز سامانه در محیط است که مشاهده تداخل کوانتومی را دشوار می‌کند. مثال روزمره و مرز تمثیل را ببینید.,4,255,مفاهیم پایه,https://qpedia.ir/decoherence/,DefinedTerm
12,اندازه‌گیری کوانتومی,اندازه‌گیری کوانتومی چیست؟ تعریف ساده، مثال و کاربرد,اندازه‌گیری کوانتومی چیست؟ برهم‌کنشی فیزیکی است که اطلاعاتی درباره یک مشاهده‌پذیر کوانتومی در دستگاه ثبت می‌کند. مثال آن را ببینید.,4,258,مفاهیم پایه,https://qpedia.ir/quantum-measurement/,DefinedTerm
13,فروپاشی تابع موج,فروپاشی تابع موج چیست؟ تعریف ساده، مثال و کاربردهای مهم,فروپاشی تابع موج چیست؟ نامی برای به‌روزرسانی حالت کوانتومی پس از ثبت یک نتیجه اندازه‌گیری است. مثال روزمره و مرز تمثیل را ببینید.,4,265,مفاهیم پایه,https://qpedia.ir/quantum-measurement/,DefinedTerm
14,ناظر کوانتومی,ناظر کوانتومی چیست؟ تعریف ساده، مثال و کاربردهای مهم,ناظر کوانتومی چیست؟ در فیزیک معمولاً سامانه یا دستگاهی است که با سامانه کوانتومی برهم‌کنش و اطلاعاتی را ثبت می‌کند. مثال آن را ببینید.,4,256,مفاهیم پایه,https://qpedia.ir/observer/,DefinedTerm
15,اصل عدم قطعیت,اصل عدم قطعیت چیست؟ تعریف ساده، مثال و کاربردهای مهم,اصل عدم قطعیت چیست؟ محدودیتی بنیادی بر پراکندگی هم‌زمان بعضی زوج کمیت‌های ناسازگار، مانند مکان و تکانه، است. مثال آن را ببینید.,4,266,مفاهیم پایه,https://qpedia.ir/heisenberg-uncertainty-principle/,DefinedTerm
16,دوگانگی موج و ذره,دوگانگی موج و ذره چیست؟ تعریف ساده، مثال و کاربردهای مهم,دوگانگی موج و ذره چیست؟ بیان می‌کند اشیای کوانتومی بسته به آزمایش می‌توانند ویژگی‌های موجی یا ذره‌ای نشان دهند. مثال آن را ببینید.,4,270,مفاهیم پایه,https://qpedia.ir/wave-particle-duality/,DefinedTerm
17,تداخل کوانتومی,تداخل کوانتومی چیست؟ تعریف ساده، مثال و کاربردهای مهم,تداخل کوانتومی چیست؟ ترکیب دامنه‌های احتمال است که می‌تواند احتمال بعضی نتیجه‌ها را تقویت یا تضعیف کند. مثال آن را ببینید.,4,265,مفاهیم پایه,https://qpedia.ir/double-slit-experiment/,DefinedTerm
18,تونل‌زنی کوانتومی,تونل‌زنی کوانتومی چیست؟ تعریف ساده، مثال و کاربردهای مهم,تونل‌زنی کوانتومی چیست؟ امکان عبور حالت کوانتومی از سدی است که عبور کلاسیکی از آن با انرژی موجود ممکن نیست. مثال آن را ببینید.,4,259,مفاهیم پایه,https://qpedia.ir/quantum-tunneling/,DefinedTerm
19,اثر زنون کوانتومی,اثر زنون کوانتومی چیست؟ تعریف ساده، مثال و کاربردهای مهم,اثر زنون کوانتومی چیست؟ کندشدن تحول یک سامانه کوانتومی بر اثر اندازه‌گیری‌های مناسب و بسیار مکرر است. مثال آن را ببینید.,4,259,مفاهیم پایه,https://qpedia.ir/quantum-zeno-effect/,DefinedTerm
20,اصل مکملیت,اصل مکملیت چیست؟ تعریف روان، مثال روزمره و کاربردهای واقعی,اصل مکملیت چیست؟ می‌گوید بعضی توصیف‌های ظاهراً ناسازگار کوانتومی در آزمایش‌های متفاوت مکمل یکدیگرند. کاربرد آن را بخوانید.,4,253,مفاهیم پایه,https://qpedia.ir/complementarity-principle/,DefinedTerm
21,قضیه عدم شبیه‌سازی,قضیه عدم شبیه‌سازی چیست؟ تعریف ساده، مثال و کاربردهای مهم,قضیه عدم شبیه‌سازی چیست؟ ساخت نسخه کامل از یک حالت کوانتومی ناشناخته و دلخواه را ناممکن می‌داند. مثال روزمره و مرز تمثیل را ببینید.,4,253,رایانش کوانتومی,https://qpedia.ir/quantum-simulation/,DefinedTerm
22,یکانی بودن,یکانی بودن چیست؟ تعریف روان، مثال روزمره و کاربردهای واقعی,یکانی بودن چیست؟ ویژگی تحول کوانتومی بسته است که مجموع احتمال را حفظ و تحول را در اصل برگشت‌پذیر می‌کند. مثال آن را ببینید.,4,257,تاریخ و جامعه,https://qpedia.ir/why-quantum-math-works/,DefinedTerm
23,تراز انرژی,تراز انرژی چیست؟ تعریف روان، مثال روزمره و کاربردهای واقعی,تراز انرژی چیست؟ یکی از مقدارهای مجاز انرژی برای یک سامانه کوانتومی مقید است. مثال و کاربرد ساده را در واژه‌نامهٔ Qpedia بخوانید.,4,247,مفاهیم پایه,https://qpedia.ir/energy-levels/,DefinedTerm
24,حالت پایه,حالت پایه چیست؟ تعریف روان، مثال روزمره و کاربردهای واقعی,حالت پایه چیست؟ کم‌انرژی‌ترین حالت قابل دسترس یک سامانه کوانتومی است. مثال و کاربرد ساده را در واژه‌نامهٔ Qpedia بخوانید.,4,251,مفاهیم پایه,https://qpedia.ir/quantum-state/,DefinedTerm
25,حالت برانگیخته,حالت برانگیخته چیست؟ تعریف ساده، مثال و کاربردهای مهم,حالت برانگیخته چیست؟ حالتی کوانتومی با انرژی بیشتر از حالت پایه است. مثال و کاربرد ساده را در واژه‌نامهٔ Qpedia بخوانید.,4,248,مفاهیم پایه,https://qpedia.ir/energy-levels/,DefinedTerm
26,اسپین کوانتومی,اسپین کوانتومی چیست؟ تعریف ساده، مثال و کاربردهای مهم,اسپین کوانتومی چیست؟ تکانه زاویه‌ای ذاتی یک ذره است و نباید آن را چرخش کلاسیکی جسم تصور کرد. مثال روزمره و مرز تمثیل را ببینید.,4,254,مفاهیم پایه,https://qpedia.ir/quantum-spin/,DefinedTerm
27,تکانه زاویه‌ای,تکانه زاویه‌ای چیست؟ تعریف ساده، مثال و کاربردهای مهم,تکانه زاویه‌ای چیست؟ کمیتی فیزیکی برای توصیف حرکت دورانی است که در سامانه‌های کوانتومی مقدارهای گسسته دارد. مثال آن را ببینید.,4,245,مفاهیم پایه,https://qpedia.ir/quantum-number/,DefinedTerm
28,عدد کوانتومی,عدد کوانتومی چیست؟ تعریف ساده، مثال و کاربردهای مهم,عدد کوانتومی چیست؟ برچسبی عددی برای مشخص‌کردن ویژگی یا حالت مجاز یک سامانه کوانتومی است. مثال روزمره و مرز تمثیل را ببینید.,4,249,مفاهیم پایه,https://qpedia.ir/quantum-number/,DefinedTerm
29,ذره بنیادی,ذره بنیادی چیست؟ تعریف روان، مثال روزمره و کاربردهای واقعی,ذره بنیادی چیست؟ ذره‌ای است که در مدل استاندارد ساختار درونی شناخته‌شده‌ای ندارد. مثال و کاربرد ساده را در واژه‌نامهٔ Qpedia بخوانید.,4,234,ذرات و نیروها,https://qpedia.ir/standard-model/,DefinedTerm
30,شبه‌ذره,شبه‌ذره چیست؟ تعریف روان، مثال روزمره و کاربردهای واقعی,شبه‌ذره چیست؟ برانگیزش جمعی در ماده است که از نظر محاسباتی مانند یک ذره مستقل رفتار می‌کند. مثال روزمره و مرز تمثیل را ببینید.,4,233,مواد کوانتومی,https://qpedia.ir/superconductivity/,DefinedTerm
31,فوتون,فوتون چیست؟ معنی ساده، مثال روزمره و کاربرد در کوانتوم,فوتون چیست؟ کوانتوم میدان الکترومغناطیسی و حامل برهم‌کنش الکترومغناطیسی است. مثال و کاربرد ساده را در واژه‌نامهٔ Qpedia بخوانید.,4,230,ذرات و نیروها,https://qpedia.ir/photon/,DefinedTerm
32,الکترون,الکترون چیست؟ تعریف روان، مثال روزمره و کاربردهای واقعی,الکترون چیست؟ ذره بنیادی با بار منفی است که در ساختار اتم، برق و پیوندهای شیمیایی نقش دارد. مثال روزمره و مرز تمثیل را ببینید.,4,240,ذرات و نیروها,https://qpedia.ir/electron/,DefinedTerm
33,پوزیترون,پوزیترون چیست؟ تعریف روان، مثال روزمره و کاربردهای واقعی,پوزیترون چیست؟ پادذره الکترون با همان جرم و بار الکتریکی مثبت است. تعریف روان و کاربرد آن را در واژه‌نامهٔ Qpedia بخوانید.,4,227,ذرات و نیروها,https://qpedia.ir/antimatter/,DefinedTerm
34,پروتون,پروتون چیست؟ معنی ساده، مثال روزمره و کاربرد در کوانتوم,پروتون چیست؟ ذره مرکب با بار مثبت در هسته اتم است که عمدتاً از کوارک و گلوئون ساخته شده است. مثال روزمره و مرز تمثیل را ببینید.,4,244,ذرات و نیروها,https://qpedia.ir/proton-neutron-quark-structure/,DefinedTerm
35,نوترون,نوترون چیست؟ معنی ساده، مثال روزمره و کاربرد در کوانتوم,نوترون چیست؟ ذره مرکب و بدون بار خالص در هسته اتم است که از کوارک‌ها و گلوئون‌ها تشکیل می‌شود. مثال روزمره و مرز تمثیل را ببینید.,4,243,ذرات و نیروها,https://qpedia.ir/proton-neutron-quark-structure/,DefinedTerm
36,نوترینو,نوترینو چیست؟ تعریف روان، مثال روزمره و کاربردهای واقعی,نوترینو چیست؟ ذره بنیادی بسیار سبک و بدون بار است که برهم‌کنش بسیار ضعیفی با ماده دارد. مثال روزمره و مرز تمثیل را ببینید.,4,233,ذرات و نیروها,https://qpedia.ir/neutrino/,DefinedTerm
37,کوارک,کوارک چیست؟ معنی ساده، مثال روزمره و کاربرد در کوانتوم,کوارک چیست؟ ذره بنیادی سازنده هادرون‌هایی مانند پروتون و نوترون است. مثال و کاربرد ساده را در واژه‌نامهٔ Qpedia بخوانید.,4,223,ذرات و نیروها,https://qpedia.ir/quark/,DefinedTerm
38,گلوئون,گلوئون چیست؟ معنی ساده، مثال روزمره و کاربرد در کوانتوم,گلوئون چیست؟ بوزون حامل نیروی هسته‌ای قوی میان کوارک‌ها است. تعریف کامل‌تر، مثال روزمره و کاربرد آن را در واژه‌نامهٔ کوانتوم Qpedia بخوانید.,4,227,ذرات و نیروها,https://qpedia.ir/gluon-w-z-bosons/,DefinedTerm
39,بوزون,بوزون چیست؟ معنی ساده، مثال روزمره و کاربرد در کوانتوم,بوزون چیست؟ ذره‌ای با اسپین صحیح است که می‌تواند همراه بوزون‌های دیگر حالت کوانتومی یکسانی داشته باشد. مثال آن را ببینید.,4,234,ذرات و نیروها,https://qpedia.ir/gluon-w-z-bosons/,DefinedTerm
40,فرمیون,فرمیون چیست؟ معنی ساده، مثال روزمره و کاربرد در کوانتوم,فرمیون چیست؟ ذره‌ای با اسپین نیمه‌صحیح است که از اصل طرد پاولی پیروی می‌کند. مثال و کاربرد ساده را در واژه‌نامهٔ Qpedia بخوانید.,4,250,مفاهیم پایه,https://qpedia.ir/pauli-exclusion-principle/,DefinedTerm
41,بوزون هیگز,بوزون هیگز چیست؟ تعریف روان، مثال روزمره و کاربردهای واقعی,بوزون هیگز چیست؟ ذره کوانتومی میدان هیگز است که با سازوکار جرم‌گیری بعضی ذرات بنیادی ارتباط دارد. مثال روزمره و مرز تمثیل را ببینید.,4,243,ذرات و نیروها,https://qpedia.ir/higgs-boson/,DefinedTerm
42,پادماده,پادماده چیست؟ تعریف روان، مثال روزمره و کاربردهای واقعی,پادماده چیست؟ ماده‌ای ساخته‌شده از پادذره‌ها است که بارهای کوانتومی مخالف همتای ماده خود دارند. مثال روزمره و مرز تمثیل را ببینید.,4,230,ذرات و نیروها,https://qpedia.ir/antimatter/,DefinedTerm
43,نابودی ماده و پادماده,نابودی ماده و پادماده چیست؟ تعریف ساده، مثال و کاربرد,نابودی ماده و پادماده چیست؟ فرایندی است که در آن ذره و پادذره به ذرات دیگری مانند فوتون تبدیل می‌شوند. مثال آن را ببینید.,4,254,زیست و پزشکی,https://qpedia.ir/pet-scan-antimatter/,DefinedTerm
44,مدل استاندارد,مدل استاندارد چیست؟ تعریف ساده، مثال و کاربردهای مهم,مدل استاندارد چیست؟ نظریه پذیرفته‌شده ذرات بنیادی و سه نیروی غیرگرانشی طبیعت است. مثال و کاربرد ساده را در واژه‌نامهٔ Qpedia بخوانید.,4,236,ذرات و نیروها,https://qpedia.ir/standard-model/,DefinedTerm
45,نیروی الکترومغناطیسی,نیروی الکترومغناطیسی چیست؟ تعریف ساده، مثال و کاربرد,نیروی الکترومغناطیسی چیست؟ برهم‌کنشی میان ذرات باردار است که با میدان الکترومغناطیسی و فوتون توصیف می‌شود. مثال آن را ببینید.,4,251,ذرات و نیروها,https://qpedia.ir/quantum-electrodynamics/,DefinedTerm
46,نیروی هسته‌ای قوی,نیروی هسته‌ای قوی چیست؟ تعریف ساده، مثال و کاربردهای مهم,نیروی هسته‌ای قوی چیست؟ برهم‌کنشی است که کوارک‌ها را در هادرون‌ها و به‌طور مؤثر هسته‌ها را کنار هم نگه می‌دارد. مثال آن را ببینید.,4,251,ذرات و نیروها,https://qpedia.ir/gluon-w-z-bosons/,DefinedTerm
47,نیروی هسته‌ای ضعیف,نیروی هسته‌ای ضعیف چیست؟ تعریف ساده، مثال و کاربردهای مهم,نیروی هسته‌ای ضعیف چیست؟ برهم‌کنشی بنیادی است که در فرایندهایی مانند واپاشی بتا نقش دارد. مثال روزمره و مرز تمثیل را ببینید.,4,243,ذرات و نیروها,https://qpedia.ir/neutrino/,DefinedTerm
48,نظریه میدان کوانتومی,نظریه میدان کوانتومی چیست؟ تعریف ساده، مثال و کاربرد,نظریه میدان کوانتومی چیست؟ چارچوبی است که ذرات را برانگیزش‌های کوانتومی میدان‌های بنیادی توصیف می‌کند. مثال آن را ببینید.,4,250,ذرات و نیروها,https://qpedia.ir/quantum-electrodynamics/,DefinedTerm
49,الکترودینامیک کوانتومی,الکترودینامیک کوانتومی چیست؟ تعریف ساده، مثال و کاربرد,الکترودینامیک کوانتومی چیست؟ نظریه میدان کوانتومی برهم‌کنش نور و ذرات باردار است. مثال و کاربرد ساده را در واژه‌نامهٔ Qpedia بخوانید.,4,243,ذرات و نیروها,https://qpedia.ir/quantum-electrodynamics/,DefinedTerm
50,خلأ کوانتومی,خلأ کوانتومی چیست؟ تعریف ساده، مثال و کاربردهای مهم,خلأ کوانتومی چیست؟ کم‌انرژی‌ترین حالت میدان‌های کوانتومی است و به معنی نبود کامل میدان و ساختار نیست. مثال آن را ببینید.,4,247,مفاهیم پایه,https://qpedia.ir/vacuum-fluctuations/,DefinedTerm
51,افت‌وخیز کوانتومی,افت‌وخیز کوانتومی چیست؟ تعریف ساده، مثال و کاربردهای مهم,افت‌وخیز کوانتومی چیست؟ پراکندگی اجتناب‌ناپذیر نتیجه‌های کمیت‌های کوانتومی در یک حالت مشخص است. مثال روزمره و مرز تمثیل را ببینید.,4,243,کیهان کوانتومی,https://qpedia.ir/quantum-fluctuations-cosmos/,DefinedTerm
52,انرژی نقطه صفر,انرژی نقطه صفر چیست؟ تعریف ساده، مثال و کاربردهای مهم,انرژی نقطه صفر چیست؟ انرژی باقی‌مانده یک سامانه کوانتومی در حالت پایه آن است. مثال و کاربرد ساده را در واژه‌نامهٔ Qpedia بخوانید.,4,255,تاریخ و جامعه,https://qpedia.ir/zero-point-energy-scam/,DefinedTerm
53,اثر کازیمیر,اثر کازیمیر چیست؟ تعریف روان، مثال روزمره و کاربردهای واقعی,اثر کازیمیر چیست؟ نیرویی وابسته به شرایط مرزی میدان‌های کوانتومی میان اجسام نزدیک است. مثال روزمره و مرز تمثیل را ببینید.,4,250,مفاهیم پایه,https://qpedia.ir/casimir-effect/,DefinedTerm
54,ذره مجازی,ذره مجازی چیست؟ تعریف روان، مثال روزمره و کاربردهای واقعی,ذره مجازی چیست؟ جزئی از بسط محاسباتی نظریه میدان است و ذره آزاد قابل آشکارسازی مستقیم محسوب نمی‌شود. کاربرد آن را بخوانید.,4,250,مفاهیم پایه,https://qpedia.ir/virtual-particles/,DefinedTerm
55,ثابت پلانک,ثابت پلانک چیست؟ تعریف روان، مثال روزمره و کاربردهای واقعی,ثابت پلانک چیست؟ ثابت بنیادی‌ای است که مقیاس اثرهای کوانتومی و رابطه انرژی با بسامد را تعیین می‌کند. کاربرد آن را بخوانید.,4,257,مفاهیم پایه,https://qpedia.ir/planck-constant/,DefinedTerm
56,طول موج دوبروی,طول موج دوبروی چیست؟ تعریف ساده، مثال و کاربردهای مهم,طول موج دوبروی چیست؟ طول موجی است که بر پایه تکانه به یک ذره مادی نسبت داده می‌شود. تعریف کامل آن در واژه‌نامه آمده است.,4,264,مفاهیم پایه,https://qpedia.ir/wave-particle-duality/,DefinedTerm
57,آزمایش دو شکاف,آزمایش دو شکاف چیست؟ تعریف ساده، مثال و کاربردهای مهم,آزمایش دو شکاف چیست؟ آزمایشی است که تداخل و نقش اطلاعات مسیر را برای نور و ذرات نشان می‌دهد. مثال روزمره و مرز تمثیل را ببینید.,4,265,مفاهیم پایه,https://qpedia.ir/double-slit-experiment/,DefinedTerm
58,نامساوی بل,نامساوی بل چیست؟ تعریف روان، مثال روزمره و کاربردهای واقعی,نامساوی بل چیست؟ کرانی آماری است که خانواده‌ای از نظریه‌های متغیر پنهان موضعی باید رعایت کنند. مثال روزمره و مرز تمثیل را ببینید.,4,250,مفاهیم پایه,https://qpedia.ir/bell-inequality/,DefinedTerm
59,آزمون بل,آزمون بل چیست؟ تعریف روان، مثال روزمره و کاربردهای واقعی,آزمون بل چیست؟ آزمایشی برای سنجش نامساوی بل با استفاده از سامانه‌های درهم‌تنیده است. تعریف کامل آن در واژه‌نامه آمده است.,4,245,تاریخ و جامعه,https://qpedia.ir/bell-experiments/,DefinedTerm
60,متغیر پنهان,متغیر پنهان چیست؟ تعریف روان، مثال روزمره و کاربردهای واقعی,متغیر پنهان چیست؟ کمیت فرضی افزوده‌ای است که قرار است نتیجه‌های کوانتومی را با اطلاعات کامل‌تر توضیح دهد. مثال آن را ببینید.,4,236,فلسفه کوانتوم,https://qpedia.ir/pilot-wave/,DefinedTerm
61,واقع‌گرایی موضعی,واقع‌گرایی موضعی چیست؟ تعریف ساده، مثال و کاربردهای مهم,واقع‌گرایی موضعی چیست؟ ترکیبی از فرض ویژگی‌های مستقل از اندازه‌گیری و نبود اثر علّی سریع‌تر از نور است. مثال آن را ببینید.,4,252,تاریخ و جامعه,https://qpedia.ir/bell-experiments/,DefinedTerm
62,تفسیر کپنهاگی,تفسیر کپنهاگی چیست؟ تعریف ساده، مثال و کاربردهای مهم,تفسیر کپنهاگی چیست؟ خانواده‌ای از دیدگاه‌ها است که بر پیش‌بینی اندازه‌گیری و نقش توصیف کلاسیک دستگاه تأکید دارد. مثال آن را ببینید.,4,241,فلسفه کوانتوم,https://qpedia.ir/copenhagen-interpretation/,DefinedTerm
63,تفسیر جهان‌های متعدد,تفسیر جهان‌های متعدد چیست؟ تعریف ساده، مثال و کاربرد,تفسیر جهان‌های متعدد چیست؟ تفسیری است که تحول یکانی را همیشگی می‌داند و نتیجه‌های مختلف را در شاخه‌های متفاوت توصیف می‌کند.,4,247,فلسفه کوانتوم,https://qpedia.ir/many-worlds-interpretation/,DefinedTerm
64,پارادوکس EPR,پارادوکس EPR چیست؟ تعریف ساده، مثال و کاربردهای مهم,پارادوکس EPR چیست؟ آزمایش فکری اینشتین، پودولسکی و روزن درباره کامل‌بودن مکانیک کوانتومی و هم‌بستگی دوردست است. مثال آن را ببینید.,4,246,تاریخ و جامعه,https://qpedia.ir/epr-paradox/,DefinedTerm
65,گربه شرودینگر,گربه شرودینگر چیست؟ تعریف ساده، مثال و کاربردهای مهم,گربه شرودینگر چیست؟ آزمایش فکری‌ای است که مسئله تعمیم برهم‌نهی و اندازه‌گیری به اجسام بزرگ را برجسته می‌کند. مثال آن را ببینید.,4,238,فلسفه کوانتوم,https://qpedia.ir/schrodinger-cat/,DefinedTerm
66,دوست ویگنر,دوست ویگنر چیست؟ تعریف روان، مثال روزمره و کاربردهای واقعی,دوست ویگنر چیست؟ آزمایش فکری‌ای است که سازگاری توصیف اندازه‌گیری از دید دو ناظر را بررسی می‌کند. مثال روزمره و مرز تمثیل را ببینید.,4,236,فلسفه کوانتوم,https://qpedia.ir/wigner-friend/,DefinedTerm
67,کیوبیت,کیوبیت چیست؟ معنی ساده، مثال روزمره و کاربرد در کوانتوم,کیوبیت چیست؟ واحد اطلاعات کوانتومی است که می‌تواند در برهم‌نهی حالت‌های پایه صفر و یک قرار گیرد. مثال روزمره و مرز تمثیل را ببینید.,4,246,رایانش کوانتومی,https://qpedia.ir/qubit/,DefinedTerm
68,کیوبیت فیزیکی,کیوبیت فیزیکی چیست؟ تعریف ساده، مثال و کاربردهای مهم,کیوبیت فیزیکی چیست؟ سامانه سخت‌افزاری واقعی و خطاپذیری است که یک کیوبیت را پیاده‌سازی می‌کند. مثال روزمره و مرز تمثیل را ببینید.,4,249,رایانش کوانتومی,https://qpedia.ir/ibm-condor-processor/,DefinedTerm
69,کیوبیت منطقی,کیوبیت منطقی چیست؟ تعریف ساده، مثال و کاربردهای مهم,کیوبیت منطقی چیست؟ اطلاعات کوانتومی رمزگذاری‌شده در چند کیوبیت فیزیکی برای کاهش خطا است. مثال روزمره و مرز تمثیل را ببینید.,4,242,رایانش کوانتومی,https://qpedia.ir/quantum-error-correction/,DefinedTerm
70,گیت کوانتومی,گیت کوانتومی چیست؟ تعریف ساده، مثال و کاربردهای مهم,گیت کوانتومی چیست؟ عملیات کنترل‌شده‌ای است که حالت یک یا چند کیوبیت را به‌صورت یکانی تغییر می‌دهد. کاربرد آن را بخوانید.,4,246,رایانش کوانتومی,https://qpedia.ir/quantum-gate/,DefinedTerm
71,مدار کوانتومی,مدار کوانتومی چیست؟ تعریف ساده، مثال و کاربردهای مهم,مدار کوانتومی چیست؟ دنباله‌ای سازمان‌یافته از آماده‌سازی، گیت‌ها و اندازه‌گیری‌های کوانتومی است. مثال روزمره و مرز تمثیل را ببینید.,4,245,رایانش کوانتومی,https://qpedia.ir/quantum-gate/,DefinedTerm
72,الگوریتم کوانتومی,الگوریتم کوانتومی چیست؟ تعریف ساده، مثال و کاربردهای مهم,الگوریتم کوانتومی چیست؟ روش محاسباتی‌ای است که از ویژگی‌هایی مانند برهم‌نهی و تداخل برای حل مسئله استفاده می‌کند. مثال آن را ببینید.,4,244,رایانش کوانتومی,https://qpedia.ir/shor-algorithm/,DefinedTerm
73,تصحیح خطای کوانتومی,تصحیح خطای کوانتومی چیست؟ تعریف ساده، مثال و کاربردهای مهم,تصحیح خطای کوانتومی چیست؟ رمزگذاری اطلاعات در چند کیوبیت برای آشکارسازی و اصلاح خطا بدون خواندن مستقیم محتوای منطقی است.,4,255,رایانش کوانتومی,https://qpedia.ir/quantum-error-correction/,DefinedTerm
74,کاهش خطای کوانتومی,کاهش خطای کوانتومی چیست؟ تعریف ساده، مثال و کاربردهای مهم,کاهش خطای کوانتومی چیست؟ مجموعه روش‌هایی برای تخمین نتیجه کم‌نویزتر بدون تصحیح کامل خطا هنگام اجرای مدار است. مثال آن را ببینید.,4,258,رایانش کوانتومی,https://qpedia.ir/topological-quantum-computing/,DefinedTerm
75,رایانش تحمل‌پذیر در برابر خطا,رایانش تحمل‌پذیر در برابر خطا چیست؟ تعریف ساده و کاربرد,رایانش تحمل‌پذیر در برابر خطا چیست؟ رایانش کوانتومی با کیوبیت‌های منطقی و کنترل خطا در طول محاسبات بزرگ است. مثال آن را ببینید.,4,270,رایانش کوانتومی,https://qpedia.ir/topological-quantum-computing/,DefinedTerm
76,عصر NISQ,عصر NISQ چیست؟ تعریف روان، مثال روزمره و کاربردهای واقعی,عصر NISQ چیست؟ دوره دستگاه‌های کوانتومی میان‌مقیاس و نویزی بدون تصحیح خطای کامل است. تعریف کامل آن در واژه‌نامه آمده است.,4,246,رایانش کوانتومی,https://qpedia.ir/nisq-era/,DefinedTerm
77,برتری کوانتومی,برتری کوانتومی چیست؟ تعریف ساده، مثال و کاربردهای مهم,برتری کوانتومی چیست؟ نمایش انجام یک کار محاسباتی مشخص با دستگاه کوانتومی فراتر از روش کلاسیک مقایسه‌شده است. مثال آن را ببینید.,4,249,رایانش کوانتومی,https://qpedia.ir/quantum-supremacy/,DefinedTerm
78,یادگیری ماشین کوانتومی,یادگیری ماشین کوانتومی چیست؟ تعریف ساده، مثال و کاربرد,یادگیری ماشین کوانتومی چیست؟ حوزه‌ای است که مدارها و داده‌های کوانتومی را با روش‌های یادگیری ماشین ترکیب می‌کند. مثال آن را ببینید.,4,261,هوش مصنوعی کوانتومی,https://qpedia.ir/quantum-machine-learning/,DefinedTerm
79,کرنل کوانتومی,کرنل کوانتومی چیست؟ تعریف ساده، مثال و کاربردهای مهم,کرنل کوانتومی چیست؟ تابع شباهتی است که با نگاشت داده به حالت کوانتومی و اندازه‌گیری هم‌پوشانی ساخته می‌شود. مثال آن را ببینید.,4,250,هوش مصنوعی کوانتومی,https://qpedia.ir/quantum-machine-learning/,DefinedTerm
80,حافظه کوانتومی,حافظه کوانتومی چیست؟ تعریف ساده، مثال و کاربردهای مهم,حافظه کوانتومی چیست؟ سامانه‌ای برای نگهداری موقت حالت کوانتومی با حفظ اطلاعات دامنه و فاز است. مثال روزمره و مرز تمثیل را ببینید.,4,232,ارتباطات کوانتومی,https://qpedia.ir/quantum-network/,DefinedTerm
81,تله‌پورت کوانتومی,تله‌پورت کوانتومی چیست؟ تعریف ساده، مثال و کاربردهای مهم,تله‌پورت کوانتومی چیست؟ انتقال حالت کوانتومی با مصرف درهم‌تنیدگی و ارتباط کلاسیک، بدون جابه‌جایی خود ماده، است. مثال آن را ببینید.,4,233,ارتباطات کوانتومی,https://qpedia.ir/quantum-teleportation/,DefinedTerm
82,توزیع کلید کوانتومی,توزیع کلید کوانتومی چیست؟ تعریف ساده، مثال و کاربردهای مهم,توزیع کلید کوانتومی چیست؟ روشی برای تولید کلید مشترک با استفاده از حالت‌های کوانتومی و آشکارسازی آماری شنود است. مثال آن را ببینید.,4,244,ارتباطات کوانتومی,https://qpedia.ir/quantum-cryptography-internet-security/,DefinedTerm
83,رمزنگاری پساکوانتومی,رمزنگاری پساکوانتومی چیست؟ تعریف ساده، مثال و کاربرد,رمزنگاری پساکوانتومی چیست؟ الگوریتم‌های کلاسیکی است که برای مقاومت در برابر حملات رایانه‌های کوانتومی طراحی شده‌اند. مثال آن را ببینید.,4,230,ارتباطات کوانتومی,https://qpedia.ir/post-quantum-cryptography/,DefinedTerm
84,تکرارگر کوانتومی,تکرارگر کوانتومی چیست؟ تعریف ساده، مثال و کاربردهای مهم,تکرارگر کوانتومی چیست؟ گره‌ای برای گسترش درهم‌تنیدگی در شبکه بلندبرد بدون کپی‌کردن حالت ناشناخته است. مثال آن را ببینید.,4,230,ارتباطات کوانتومی,https://qpedia.ir/quantum-network/,DefinedTerm
85,شبکه کوانتومی,شبکه کوانتومی چیست؟ تعریف ساده، مثال و کاربردهای مهم,شبکه کوانتومی چیست؟ زیرساختی برای توزیع حالت، درهم‌تنیدگی و خدمات اطلاعات کوانتومی میان گره‌ها است. کاربرد آن را بخوانید.,4,229,ارتباطات کوانتومی,https://qpedia.ir/quantum-network/,DefinedTerm
86,پیوند جوزفسون,پیوند جوزفسون چیست؟ تعریف ساده، مثال و کاربردهای مهم,پیوند جوزفسون چیست؟ دو ابررسانا با مانعی نازک میان آن‌ها است که جریان کوانتومی می‌تواند از مانع عبور کند. مثال آن را ببینید.,4,236,مواد کوانتومی,https://qpedia.ir/josephson-junction/,DefinedTerm
87,جفت کوپر,جفت کوپر چیست؟ تعریف روان، مثال روزمره و کاربردهای واقعی,جفت کوپر چیست؟ جفت هم‌بسته الکترون‌ها در ابررسانا است که می‌تواند رفتار جمعی همدوس داشته باشد. مثال روزمره و مرز تمثیل را ببینید.,4,238,مواد کوانتومی,https://qpedia.ir/superconductivity/,DefinedTerm
88,ابررسانایی,ابررسانایی چیست؟ تعریف روان، مثال روزمره و کاربردهای واقعی,ابررسانایی چیست؟ فازی از ماده با مقاومت الکتریکی صفر و پاسخ مغناطیسی ویژه در شرایط مناسب است. مثال روزمره و مرز تمثیل را ببینید.,4,231,مواد کوانتومی,https://qpedia.ir/superconductivity/,DefinedTerm
89,ابرشارگی,ابرشارگی چیست؟ تعریف روان، مثال روزمره و کاربردهای واقعی,ابرشارگی چیست؟ فازی از سیال کوانتومی است که می‌تواند بدون گرانروی معمول جریان یابد. تعریف کامل آن در واژه‌نامه آمده است.,4,234,مواد کوانتومی,https://qpedia.ir/superfluidity/,DefinedTerm
90,چگالش بوز–اینشتین,چگالش بوز–اینشتین چیست؟ تعریف ساده، مثال و کاربردهای مهم,چگالش بوز–اینشتین چیست؟ حالتی از ماده است که در آن تعداد زیادی بوزون حالت کوانتومی کم‌انرژی مشترکی را اشغال می‌کنند. مثال آن را ببینید.,4,237,مواد کوانتومی,https://qpedia.ir/bose-einstein-condensate/,DefinedTerm
91,ماده کوانتومی,ماده کوانتومی چیست؟ تعریف ساده، مثال و کاربردهای مهم,ماده کوانتومی چیست؟ ماده‌ای است که ویژگی‌های جمعی آن به اثرهای کوانتومی مانند همدوسی یا توپولوژی وابسته است. مثال آن را ببینید.,4,242,مواد کوانتومی,https://qpedia.ir/quantum-spin-liquid/,DefinedTerm
92,مایع اسپینی کوانتومی,مایع اسپینی کوانتومی چیست؟ تعریف ساده، مثال و کاربرد,مایع اسپینی کوانتومی چیست؟ حالت مغناطیسی درهم‌تنیده‌ای است که اسپین‌ها حتی در دمای پایین نظم معمول پیدا نمی‌کنند. مثال آن را ببینید.,4,242,مواد کوانتومی,https://qpedia.ir/quantum-spin-liquid/,DefinedTerm
93,عایق توپولوژیک,عایق توپولوژیک چیست؟ تعریف ساده، مثال و کاربردهای مهم,عایق توپولوژیک چیست؟ ماده‌ای با درون عایق و حالت‌های مرزی رسانای محافظت‌شده توسط ویژگی‌های توپولوژیک است. مثال آن را ببینید.,4,233,مواد کوانتومی,https://qpedia.ir/topological-insulator/,DefinedTerm
94,گرانش کوانتومی,گرانش کوانتومی چیست؟ تعریف ساده، مثال و کاربردهای مهم,گرانش کوانتومی چیست؟ حوزه‌ای است که می‌کوشد توصیف کوانتومی سازگاری از گرانش و فضاـزمان بسازد. مثال روزمره و مرز تمثیل را ببینید.,4,241,کیهان کوانتومی,https://qpedia.ir/quantum-gravity/,DefinedTerm
95,تابش هاوکینگ,تابش هاوکینگ چیست؟ تعریف ساده، مثال و کاربردهای مهم,تابش هاوکینگ چیست؟ تابش گرمایی پیش‌بینی‌شده برای سیاه‌چاله بر اثر میدان‌های کوانتومی در فضاـزمان خمیده است. مثال آن را ببینید.,4,241,کیهان کوانتومی,https://qpedia.ir/black-hole-information-paradox/,DefinedTerm
96,افق رویداد,افق رویداد چیست؟ تعریف روان، مثال روزمره و کاربردهای واقعی,افق رویداد چیست؟ مرز علّی سیاه‌چاله است که پس از عبور از آن هیچ مسیر آینده‌داری به بیرون نمی‌رسد. مثال روزمره و مرز تمثیل را ببینید.,4,241,کیهان کوانتومی,https://qpedia.ir/black-hole-information-paradox/,DefinedTerm
97,پارادوکس اطلاعات سیاه‌چاله,پارادوکس اطلاعات سیاه‌چاله چیست؟ تعریف ساده و کاربرد,پارادوکس اطلاعات سیاه‌چاله چیست؟ تنش میان تبخیر گرمایی سیاه‌چاله و حفظ اطلاعات در تحول یکانی کوانتومی است. مثال آن را ببینید.,4,243,کیهان کوانتومی,https://qpedia.ir/black-hole-information-paradox/,DefinedTerm
98,منحنی پیج,منحنی پیج چیست؟ تعریف روان، مثال روزمره و کاربردهای واقعی,منحنی پیج چیست؟ نمودار مورد انتظار آنتروپی درهم‌تنیدگی تابش در یک فرایند تبخیر یکانی سیاه‌چاله است. کاربرد آن را بخوانید.,4,237,فلسفه کوانتوم,https://qpedia.ir/holographic-principle/,DefinedTerm
99,اصل هولوگرافیک,اصل هولوگرافیک چیست؟ تعریف ساده، مثال و کاربردهای مهم,اصل هولوگرافیک چیست؟ ایده‌ای است که اطلاعات یک ناحیه گرانشی می‌تواند با درجات آزادی روی مرز آن توصیف شود. مثال آن را ببینید.,4,239,فلسفه کوانتوم,https://qpedia.ir/holographic-principle/,DefinedTerm
100,تورم کیهانی,تورم کیهانی چیست؟ تعریف روان، مثال روزمره و کاربردهای واقعی,تورم کیهانی چیست؟ مرحله‌ای فرضی از انبساط شتاب‌دار بسیار سریع در جهان آغازین است. مثال و کاربرد ساده را در واژه‌نامهٔ Qpedia بخوانید.,4,238,کیهان کوانتومی,https://qpedia.ir/cosmic-inflation/,DefinedTerm
101,اثر آهارونوف–بوهم,اثر آهارونوف–بوهم چیست؟ تعریف ساده، مثال و کاربردهای مهم,اثر آهارونوف–بوهم چیست؟ تغییر الگوی تداخل الکترون بر اثر شار مغناطیسی محصور، حتی وقتی میدان مغناطیسی در مسیر الکترون صفر است.,4,256,مفاهیم پایه,https://qpedia.ir/aharonov-bohm-effect/,DefinedTerm
102,کریستال‌درمانی,کریستال‌درمانی چیست؟ تعریف ساده، مثال و کاربردهای مهم,کریستال‌درمانی چیست؟ ادعای اینکه سنگ‌های خاص با انرژی یا فرکانس بیماری را درمان می‌کنند؛ ادعایی که شواهد بالینی آن را تأیید نمی‌کند.,4,240,زیست و پزشکی,https://qpedia.ir/crystal-healing-debunked/,DefinedTerm
103,هوش مصنوعی کوانتومی,هوش مصنوعی کوانتومی چیست؟ تعریف ساده، مثال و کاربردهای مهم,هوش مصنوعی کوانتومی چیست؟ برچسبی برای ترکیب یادگیری ماشین و محاسبات کوانتومی که در عمل بیشتر پژوهش آزمایشگاهی است تا محصول آماده.,4,260,هوش مصنوعی کوانتومی,https://qpedia.ir/quantum-ai-marketing-hype/,DefinedTerm
104,اصل طرد پاولی,اصل طرد پاولی چیست؟ تعریف ساده، مثال و کاربردهای مهم,اصل طرد پاولی چیست؟ قاعده‌ای که می‌گوید دو فرمیون یکسان نمی‌توانند همهٔ اعداد کوانتومی یکسانی داشته باشند. مثال آن را ببینید.,4,262,مفاهیم پایه,https://qpedia.ir/pauli-exclusion-principle/,DefinedTerm
105,حد کلاسیک,حد کلاسیک چیست؟ تعریف روان، مثال روزمره و کاربردهای واقعی,حد کلاسیک چیست؟ مرزی که در آن پیش‌بینی‌های فیزیک کلاسیک به‌قدر کافی دقیق می‌ماند. مثال و کاربرد ساده را در واژه‌نامهٔ Qpedia بخوانید.,4,251,مفاهیم پایه,https://qpedia.ir/is-classical-physics-wrong/,DefinedTerm
106,تفسیر مکانیک کوانتومی,تفسیر مکانیک کوانتومی چیست؟ تعریف ساده، مثال و کاربرد,تفسیر مکانیک کوانتومی چیست؟ مجموعه دیدگاه‌هایی که می‌کوشند بگویند تابع موج و اندازه‌گیری دربارهٔ واقعیت چه می‌گویند. مثال آن را ببینید.,4,243,فلسفه کوانتوم,https://qpedia.ir/quantum-interpretation-debate/,DefinedTerm
107,کوانتوم‌واشینگ,کوانتوم‌واشینگ چیست؟ تعریف ساده، مثال و کاربردهای مهم,کوانتوم‌واشینگ چیست؟ به‌کاربردن واژهٔ کوانتوم در تبلیغ محصولی که سازوکار کوانتومی روشنی ندارد. مثال روزمره و مرز تمثیل را ببینید.,4,237,تاریخ و جامعه,https://qpedia.ir/quantum-hype-bubble/,DefinedTerm
108,میکروسکوپ تونلی روبشی,میکروسکوپ تونلی روبشی چیست؟ تعریف ساده، مثال و کاربرد,میکروسکوپ تونلی روبشی چیست؟ ابزاری که با جریان تونل‌زنی از نوک فلزی، سطح نمونه را اتم‌به‌اتم نقشه‌برداری می‌کند. مثال آن را ببینید.,4,242,حسگرها و ابزارها,https://qpedia.ir/scanning-tunneling-microscope/,DefinedTerm
109,فیبر نوری,فیبر نوری چیست؟ تعریف روان، مثال روزمره و کاربردهای واقعی,فیبر نوری چیست؟ رشته‌ای شیشه‌ای که نور را با بازتاب کلی درونی در مسافت‌های دور جابه‌جا می‌کند. مثال روزمره و مرز تمثیل را ببینید.,4,235,حسگرها و ابزارها,https://qpedia.ir/fiber-optics/,DefinedTerm
110,الگوریتم شور,الگوریتم شور چیست؟ تعریف ساده، مثال و کاربردهای مهم,الگوریتم شور چیست؟ الگوریتم کوانتومی دوره‌یابی که با سخت‌افزار تحمل‌پذیر خطا رمزنگاری کلید عمومی رایج را می‌شکند. مثال آن را ببینید.,4,242,رایانش کوانتومی,https://qpedia.ir/shor-algorithm/,DefinedTerm
111,نظریه موج راهنما,نظریه موج راهنما چیست؟ تعریف ساده، مثال و کاربردهای مهم,نظریه موج راهنما چیست؟ تفسیری که ذره را همراه موجی راهنما می‌داند که مسیر آن را تعیین می‌کند. مثال روزمره و مرز تمثیل را ببینید.,4,238,فلسفه کوانتوم,https://qpedia.ir/pilot-wave/,DefinedTerm
112,جهش ژنتیکی کوانتومی,جهش ژنتیکی کوانتومی چیست؟ تعریف ساده، مثال و کاربردهای مهم,جهش ژنتیکی کوانتومی چیست؟ فرضیه‌ای که نقش تونل‌زنی پروتون یا انتقال کوانتومی را در تغییر توالی DNA بررسی می‌کند. مثال آن را ببینید.,4,246,زیست و پزشکی,https://qpedia.ir/genetic-mutation/,DefinedTerm
113,لیدار کوانتومی,لیدار کوانتومی چیست؟ تعریف ساده، مثال و کاربردهای مهم,لیدار کوانتومی چیست؟ فاصله‌سنجی با پالس نوری و شمارش تک‌فوتون که هدفش مقاومت بیشتر در برابر نویز پس‌زمینه است. مثال آن را ببینید.,4,243,حسگرها و ابزارها,https://qpedia.ir/quantum-lidar/,DefinedTerm
114,نور کند,نور کند چیست؟ تعریف روان، مثال روزمره و کاربردهای واقعی,نور کند چیست؟ کاهش سرعت گروهی پالس نور در محیطی با پاشندگی شدید، بدون هیچ تغییر در سرعت نور در خلأ. کاربرد آن را بخوانید.,4,241,نور کوانتومی,https://qpedia.ir/slow-light/,DefinedTerm
115,لیتوگرافی کوانتومی,لیتوگرافی کوانتومی چیست؟ تعریف ساده، مثال و کاربردهای مهم,لیتوگرافی کوانتومی چیست؟ روش‌های نوری که با حالت‌های کوانتومی نور به الگوهای ریزتر از حد کلاسیک می‌رسند. مثال آن را ببینید.,4,234,نور کوانتومی,https://qpedia.ir/quantum-lithography/,DefinedTerm
116,انگشت‌نگاری کوانتومی,انگشت‌نگاری کوانتومی چیست؟ تعریف ساده، مثال و کاربرد,انگشت‌نگاری کوانتومی چیست؟ پروتکلی برای مقایسهٔ دو داده با پیامی بسیار کوتاه‌تر از اندازهٔ خود داده. کاربرد آن را بخوانید.,4,233,ارتباطات کوانتومی,https://qpedia.ir/quantum-fingerprinting/,DefinedTerm
117,یخچال رقیق‌سازی,یخچال رقیق‌سازی چیست؟ تعریف ساده، مثال و کاربردهای مهم,یخچال رقیق‌سازی چیست؟ دستگاهی که با اختلاط هلیوم-۳ و هلیوم-۴ دمای چند میلی‌کلوین تولید می‌کند. مثال روزمره و مرز تمثیل را ببینید.,4,244,رایانش کوانتومی,https://qpedia.ir/dilution-refrigerator/,DefinedTerm
118,اکسیون,اکسیون چیست؟ معنی ساده، مثال روزمره و کاربرد در کوانتوم,اکسیون چیست؟ ذرهٔ فرضی سبک و بسیار کم‌برهم‌کنش که نامزد مادهٔ تاریک و راه‌حل مسئلهٔ CP قوی است. مثال روزمره و مرز تمثیل را ببینید.,4,243,ذرات و نیروها,https://qpedia.ir/axion/,DefinedTerm
119,ویمپ,ویمپ چیست؟ معنی ساده، مثال روزمره و کاربرد در کوانتوم,ویمپ چیست؟ نامزد ذرهٔ مادهٔ تاریک با جرم بالا و برهم‌کنش ضعیف که تا امروز آشکار نشده است. مثال روزمره و مرز تمثیل را ببینید.,4,243,ذرات و نیروها,https://qpedia.ir/wimp/,DefinedTerm
120,انرژی تاریک و جهان کوانتومی,انرژی تاریک و جهان کوانتومی چیست؟ تعریف ساده و کاربرد,انرژی تاریک و جهان کوانتومی چیست؟ بررسی اینکه چرا انرژی خلأ پیش‌بینی‌شده با انبساط شتاب‌دار مشاهده‌شدهٔ جهان سازگار نیست.,4,263,کیهان کوانتومی,https://qpedia.ir/dark-energy-quantum/,DefinedTerm
121,تابش زمینه کیهانی,تابش زمینه کیهانی چیست؟ تعریف ساده، مثال و کاربردهای مهم,تابش زمینه کیهانی چیست؟ تابش مایکروویوی کهنه‌ای که از جهان آغازین مانده و دمایی نزدیک ۲٫۷ کلوین دارد. مثال آن را ببینید.,4,246,کیهان کوانتومی,https://qpedia.ir/cosmic-microwave-background/,DefinedTerm
122,کرم‌چاله,کرم‌چاله چیست؟ تعریف روان، مثال روزمره و کاربردهای واقعی,کرم‌چاله چیست؟ راه‌حل ریاضی نسبیت عام که دو ناحیهٔ دور فضازمان را به هم می‌دوزد و شاهد رصدی ندارد. کاربرد آن را بخوانید.,4,241,کیهان کوانتومی,https://qpedia.ir/wormhole/,DefinedTerm
123,کیهان‌شناسی کوانتومی,کیهان‌شناسی کوانتومی چیست؟ تعریف ساده، مثال و کاربرد,کیهان‌شناسی کوانتومی چیست؟ کاربرد نظریهٔ کوانتومی برای توصیف دوران آغازین کل جهان. مثال و کاربرد ساده را در واژه‌نامهٔ Qpedia بخوانید.,4,237,کیهان کوانتومی,https://qpedia.ir/quantum-cosmology/,DefinedTerm
124,جهش کوانتومی کیهان,جهش کوانتومی کیهان چیست؟ تعریف ساده، مثال و کاربردهای مهم,جهش کوانتومی کیهان چیست؟ مدلی که می‌گوید انقباض پیشین جهان به انبساطی تازه برگشته است. مثال روزمره و مرز تمثیل را ببینید.,4,250,کیهان کوانتومی,https://qpedia.ir/quantum-bounce/,DefinedTerm
125,موسیقی کوانتومی,موسیقی کوانتومی چیست؟ تعریف ساده، مثال و کاربردهای مهم,موسیقی کوانتومی چیست؟ تبدیل داده‌های آزمایش کوانتومی به صدا و ساختار موسیقایی، بدون ادعای انتقال مفاهیم فیزیکی. مثال آن را ببینید.,4,251,تاریخ و جامعه,https://qpedia.ir/quantum-music/,DefinedTerm
126,داستان علمی‌تخیلی کوانتومی,داستان علمی‌تخیلی کوانتومی چیست؟ تعریف ساده و کاربرد,داستان علمی‌تخیلی کوانتومی چیست؟ روایت داستانی که از مفهوم‌های کوانتومی الهام می‌گیرد و معمولاً از دقت علمی فاصله دارد. مثال آن را ببینید.,4,261,تاریخ و جامعه,https://qpedia.ir/quantum-fiction/,DefinedTerm
127,فرهنگ کوانتومی,فرهنگ کوانتومی چیست؟ تعریف ساده، مثال و کاربردهای مهم,فرهنگ کوانتومی چیست؟ راه‌رفتن واژه‌های کوانتومی در هنر، سینما و تبلیغات و دگرگونی معنای آن‌ها در این مسیر. مثال آن را ببینید.,4,251,تاریخ و جامعه,https://qpedia.ir/quantum-culture/,DefinedTerm
128,زمستان کوانتومی,زمستان کوانتومی چیست؟ تعریف ساده، مثال و کاربردهای مهم,زمستان کوانتومی چیست؟ دوره‌ای که در آن سرمایه‌گذاری و اعتماد به فناوری کوانتومی عقب‌نشینی می‌کند. مثال روزمره و مرز تمثیل را ببینید.,4,248,رایانش کوانتومی,https://qpedia.ir/quantum-winter/,DefinedTerm
129,تکینگی کوانتومی,تکینگی کوانتومی چیست؟ تعریف ساده، مثال و کاربردهای مهم,تکینگی کوانتومی چیست؟ نقطه‌ای که معادلات نظریه در آن بی‌پاسخ می‌مانند، یا در کاربرد عامیانه نقطه‌ای فرضی برای جهش فناوری.,4,248,کیهان کوانتومی,https://qpedia.ir/quantum-singularity/,DefinedTerm
130,کوانتوم و سرطان,کوانتوم و سرطان چیست؟ تعریف ساده، مثال و کاربردهای مهم,کوانتوم و سرطان چیست؟ کاربرد واقعی فیزیک کوانتومی در تصویربرداری و درمان سرطان، در برابر ادعاهای درمانی بی‌پشتوانه. مثال آن را ببینید.,4,249,زیست و پزشکی,https://qpedia.ir/quantum-cancer/,DefinedTerm
131,کوانتوم در باکتری‌ها,کوانتوم در باکتری‌ها چیست؟ تعریف ساده، مثال و کاربرد,کوانتوم در باکتری‌ها چیست؟ پژوهش دربارهٔ نقش فرایندهای کوانتومی مانند تونل‌زنی و همدوسی در کارکرد باکتری‌ها. مثال آن را ببینید.,4,247,زیست و پزشکی,https://qpedia.ir/quantum-bacteria/,DefinedTerm
132,کوانتوم در ویروس‌ها,کوانتوم در ویروس‌ها چیست؟ تعریف ساده، مثال و کاربردهای مهم,کوانتوم در ویروس‌ها چیست؟ توضیح مولکولی ساختار و جهش ویروس، در برابر برچسب‌های کوانتومی گمراه‌کننده. کاربرد آن را بخوانید.,4,241,زیست و پزشکی,https://qpedia.ir/quantum-viruses/,DefinedTerm
133,تابش شتاب و اثر اونرو,تابش شتاب و اثر اونرو چیست؟ تعریف ساده، مثال و کاربرد,تابش شتاب و اثر اونرو چیست؟ پیش‌بینی اینکه ناظر شتاب‌دار خلأ را گرم می‌بیند و ذره‌هایی می‌بیند که ناظر لَخت نمی‌بیند. مثال آن را ببینید.,4,266,کیهان کوانتومی,https://qpedia.ir/acceleration-radiation/,DefinedTerm
134,میکروسکوپ کوانتومی,میکروسکوپ کوانتومی چیست؟ تعریف ساده، مثال و کاربردهای مهم,میکروسکوپ کوانتومی چیست؟ تصویربرداری با نور فشرده یا فوتون‌های درهم‌تنیده برای دیدن نمونه با نور کمتر. مثال آن را ببینید.,4,233,نور کوانتومی,https://qpedia.ir/quantum-microscopy/,DefinedTerm
135,رایانش کوانتومی ابری,رایانش کوانتومی ابری چیست؟ تعریف ساده، مثال و کاربرد,رایانش کوانتومی ابری چیست؟ دسترسی از راه دور به پردازندهٔ کوانتومی واقعی، همراه با صف، هزینه و نویز. کاربرد آن را بخوانید.,4,261,رایانش کوانتومی,https://qpedia.ir/quantum-cloud/,DefinedTerm
136,الگوریتم گروور,الگوریتم گروور چیست؟ تعریف ساده، مثال و کاربردهای مهم,الگوریتم گروور چیست؟ الگوریتم کوانتومی برای جست‌وجوی نامنظم با سرعت ریشهٔ دوم نسبت به روش کلاسیک. مثال روزمره و مرز تمثیل را ببینید.,4,242,رایانش کوانتومی,https://qpedia.ir/grover-algorithm/,DefinedTerm
137,قضیه عدم‌کپی کوانتومی,قضیه عدم‌کپی کوانتومی چیست؟ تعریف ساده، مثال و کاربرد,قضیه عدم‌کپی کوانتومی چیست؟ قاعده‌ای که می‌گوید حالت کوانتومی ناشناخته را نمی‌توان دقیقاً کپی کرد. کاربرد آن را بخوانید.,4,254,مفاهیم پایه,https://qpedia.ir/no-cloning-theorem/,DefinedTerm
138,شبیه‌سازی کوانتومی,شبیه‌سازی کوانتومی چیست؟ تعریف ساده، مثال و کاربردهای مهم,شبیه‌سازی کوانتومی چیست؟ استفاده از سامانهٔ کوانتومی کنترل‌شده برای مدل‌سازی سامانه‌ای که محاسبهٔ کلاسیک آن دشوار است. مثال آن را ببینید.,4,244,رایانش کوانتومی,https://qpedia.ir/quantum-simulation/,DefinedTerm
139,بازتاب کلی درونی,بازتاب کلی درونی چیست؟ تعریف ساده، مثال و کاربردهای مهم,بازتاب کلی درونی چیست؟ ماندن نور در محیط غلیظ‌تر هنگام برخورد با زاویه بزرگ‌تر از زاویه حد است. مثال روزمره و مرز تمثیل را ببینید.,4,247,حسگرها و ابزارها,https://qpedia.ir/fiber-optics/,DefinedTerm
140,فتوسنتز کوانتومی,فتوسنتز کوانتومی چیست؟ تعریف ساده، مثال و کاربردهای مهم,فتوسنتز کوانتومی چیست؟ بررسی نقش همدوسی و انتقال انرژی کوانتومی در نخستین گام‌های فتوسنتز. مثال روزمره و مرز تمثیل را ببینید.,4,238,زیست و پزشکی,https://qpedia.ir/quantum-bacteria/,DefinedTerm
141,پالس آتوثانیه,پالس آتوثانیه چیست؟ تعریف ساده، مثال و کاربردهای مهم,پالس آتوثانیه چیست؟ پالسی با کشش زمانی چند ده آتوثانیه که حرکت الکترون در اتم را قابل‌اندازه‌گیری می‌کند. مثال آن را ببینید.,4,257,تاریخ و جامعه,https://qpedia.ir/attosecond-nobel-2023/,DefinedTerm
142,پروتکل BB84,پروتکل BB84 چیست؟ تعریف روان، مثال روزمره و کاربردهای واقعی,پروتکل BB84 چیست؟ نخستین پروتکل عملی توزیع کلید کوانتومی که امنیت آن بر پایهٔ حالت‌های کوانتومی است. کاربرد آن را بخوانید.,4,231,ارتباطات کوانتومی,https://qpedia.ir/quantum-cryptography-internet-security/,DefinedTerm
143,چاه کوانتومی,چاه کوانتومی چیست؟ تعریف ساده، مثال و کاربردهای مهم,چاه کوانتومی چیست؟ ساختار نازکی که حرکت الکترون را در یک راستا محدود و ترازهای گسسته ایجاد می‌کند. کاربرد آن را بخوانید.,4,241,حسگرها و ابزارها,https://qpedia.ir/quantum-dots-displays/,DefinedTerm
144,ثابت کیهان‌شناسی,ثابت کیهان‌شناسی چیست؟ تعریف ساده، مثال و کاربردهای مهم,ثابت کیهان‌شناسی چیست؟ جمله‌ای در معادلات نسبیت عام که شتاب‌گرفتن انبساط جهان را توصیف می‌کند. مثال روزمره و مرز تمثیل را ببینید.,4,242,کیهان کوانتومی,https://qpedia.ir/dark-energy-quantum/,DefinedTerm
145,آزمایش فکری,آزمایش فکری چیست؟ تعریف روان، مثال روزمره و کاربردهای واقعی,آزمایش فکری چیست؟ سازه‌ای خیالی برای آزمودن منطقی یک نظریه، نه گزارشی از یک رویداد واقعی. مثال روزمره و مرز تمثیل را ببینید.,4,233,فلسفه کوانتوم,https://qpedia.ir/schrodinger-cat/,DefinedTerm
146,مرز پلانک,مرز پلانک چیست؟ تعریف روان، مثال روزمره و کاربردهای واقعی,مرز پلانک چیست؟ مقیاسی که در آن آثار گرانش کوانتومی دیگر قابل چشم‌پوشی نیستند. مثال و کاربرد ساده را در واژه‌نامهٔ Qpedia بخوانید.,4,241,کیهان کوانتومی,https://qpedia.ir/quantum-gravity/,DefinedTerm
147,حس مغناطیسی,حس مغناطیسی چیست؟ تعریف روان، مثال روزمره و کاربردهای واقعی,حس مغناطیسی چیست؟ توانایی بعضی جانداران در استفاده از میدان مغناطیسی زمین برای مسیریابی. مثال روزمره و مرز تمثیل را ببینید.,4,234,حسگرها و ابزارها,https://qpedia.ir/quantum-navigation/,DefinedTerm
148,اثر هال کوانتومی,اثر هال کوانتومی چیست؟ تعریف ساده، مثال و کاربردهای مهم,اثر هال کوانتومی چیست؟ کوانتش هدایت‌پذیری جانبی در لایه‌های نازک زیر میدان مغناطیسی قوی. مثال روزمره و مرز تمثیل را ببینید.,4,237,مواد کوانتومی,https://qpedia.ir/topological-insulator/,DefinedTerm
149,گرافن,گرافن چیست؟ معنی ساده، مثال روزمره و کاربرد در کوانتوم,گرافن چیست؟ لایه‌ای تک‌اتمی از کربن با رفتار الکترونی غیرعادی و تحرک‌پذیری بالا. مثال و کاربرد ساده را در واژه‌نامهٔ Qpedia بخوانید.,4,229,حسگرها و ابزارها,https://qpedia.ir/transistor-quantum/,DefinedTerm
150,فضای هیلبرت,فضای هیلبرت چیست؟ تعریف روان، مثال روزمره و کاربردهای واقعی,فضای هیلبرت چیست؟ فضای ریاضی حالت‌های کوانتومی است که بردار حالت و ضرب داخلی در آن تعریف می‌شوند. مثال روزمره و مرز تمثیل را ببینید.,4,253,تاریخ و جامعه,https://qpedia.ir/why-quantum-math-works/,DefinedTerm
151,عملگر کوانتومی,عملگر کوانتومی چیست؟ تعریف ساده، مثال و کاربردهای مهم,عملگر کوانتومی چیست؟ ساختاری ریاضی است که یک مشاهده‌پذیر یا تحول را روی حالت کوانتومی نمایش می‌دهد. کاربرد آن را بخوانید.,4,255,تاریخ و جامعه,https://qpedia.ir/why-quantum-math-works/,DefinedTerm
152,مقدار ویژه,مقدار ویژه چیست؟ تعریف روان، مثال روزمره و کاربردهای واقعی,مقدار ویژه چیست؟ نتیجه ویژه‌ای است که اندازه‌گیری یک عملگر می‌تواند برای حالت ویژه همان عملگر بدهد. کاربرد آن را بخوانید.,4,251,مفاهیم پایه,https://qpedia.ir/energy-levels/,DefinedTerm
153,حالت ویژه,حالت ویژه چیست؟ تعریف روان، مثال روزمره و کاربردهای واقعی,حالت ویژه چیست؟ حالتی است که اندازه‌گیری مشاهده‌پذیر متناظر در آن نتیجه‌ای معین می‌دهد. مثال روزمره و مرز تمثیل را ببینید.,4,253,مفاهیم پایه,https://qpedia.ir/quantum-state/,DefinedTerm
154,برا و کت,برا و کت چیست؟ تعریف روان، مثال روزمره و کاربردهای واقعی,برا و کت چیست؟ نمادگذاری دیراک برای نمایش بردار حالت، بردار دوگان و ضرب داخلی در مکانیک کوانتومی است. مثال آن را ببینید.,4,261,تاریخ و جامعه,https://qpedia.ir/why-quantum-math-works/,DefinedTerm
155,ماتریس چگالی,ماتریس چگالی چیست؟ تعریف ساده، مثال و کاربردهای مهم,ماتریس چگالی چیست؟ نمایشی از حالت خالص یا آمیزه‌ای است که برای سامانه باز و زیرسامانه کاربرد دارد. کاربرد آن را بخوانید.,4,262,مفاهیم پایه,https://qpedia.ir/quantum-state/,DefinedTerm
156,حالت خالص,حالت خالص چیست؟ تعریف روان، مثال روزمره و کاربردهای واقعی,حالت خالص چیست؟ حالتی کوانتومی است که با یک بردار حالت واحد و بیشترین اطلاعات قابل دسترس توصیف می‌شود. مثال آن را ببینید.,4,260,مفاهیم پایه,https://qpedia.ir/quantum-state/,DefinedTerm
157,حالت آمیزه‌ای,حالت آمیزه‌ای چیست؟ تعریف ساده، مثال و کاربردهای مهم,حالت آمیزه‌ای چیست؟ توصیفی آماری از چند حالت کوانتومی است که با ماتریس چگالی نمایش داده می‌شود. مثال روزمره و مرز تمثیل را ببینید.,4,258,مفاهیم پایه,https://qpedia.ir/decoherence/,DefinedTerm
158,رد جزئی,رد جزئی چیست؟ تعریف روان، مثال روزمره و کاربردهای واقعی,رد جزئی چیست؟ عملی ریاضی برای به‌دست‌آوردن حالت یک زیرسامانه از حالت مشترک بزرگ‌تر است. مثال روزمره و مرز تمثیل را ببینید.,4,247,مفاهیم پایه,https://qpedia.ir/entanglement-quantum-computers/,DefinedTerm
159,پایه اندازه‌گیری,پایه اندازه‌گیری چیست؟ تعریف ساده، مثال و کاربردهای مهم,پایه اندازه‌گیری چیست؟ مجموعه حالت‌هایی است که نتیجه‌های ممکن یک اندازه‌گیری را مشخص می‌کند. مثال روزمره و مرز تمثیل را ببینید.,4,257,مفاهیم پایه,https://qpedia.ir/quantum-measurement/,DefinedTerm
160,مشاهده‌پذیر,مشاهده‌پذیر چیست؟ تعریف روان، مثال روزمره و کاربردهای واقعی,مشاهده‌پذیر چیست؟ کمیتی فیزیکی مانند مکان یا انرژی است که در نظریه با عملگر هرمیتی نمایش داده می‌شود. مثال آن را ببینید.,4,251,مفاهیم پایه,https://qpedia.ir/quantum-measurement/,DefinedTerm
161,جابجایی‌گر,جابجایی‌گر چیست؟ تعریف روان، مثال روزمره و کاربردهای واقعی,جابجایی‌گر چیست؟ اختلاف حاصل‌ضرب دو عملگر در دو ترتیب است و سازگاری اندازه‌گیری آن‌ها را نشان می‌دهد. مثال آن را ببینید.,4,248,مفاهیم پایه,https://qpedia.ir/heisenberg-uncertainty-principle/,DefinedTerm
162,فاز نسبی,فاز نسبی چیست؟ تعریف روان، مثال روزمره و کاربردهای واقعی,فاز نسبی چیست؟ اختلاف فاز میان مؤلفه‌های حالت است که می‌تواند در الگوی تداخل مشاهده شود. مثال روزمره و مرز تمثیل را ببینید.,4,251,مفاهیم پایه,https://qpedia.ir/coherence/,DefinedTerm
163,فاز کلی,فاز کلی چیست؟ تعریف روان، مثال روزمره و کاربردهای واقعی,فاز کلی چیست؟ ضریب فازی مشترک کل حالت است که به‌تنهایی نتیجه قابل مشاهده را تغییر نمی‌دهد. مثال روزمره و مرز تمثیل را ببینید.,4,256,مفاهیم پایه,https://qpedia.ir/aharonov-bohm-effect/,DefinedTerm
164,قاعده بورن,قاعده بورن چیست؟ تعریف روان، مثال روزمره و کاربردهای واقعی,قاعده بورن چیست؟ قاعده‌ای است که مربع اندازه دامنه کوانتومی را به احتمال نتیجه اندازه‌گیری مرتبط می‌کند. مثال آن را ببینید.,4,256,مفاهیم پایه,https://qpedia.ir/born-probability/,DefinedTerm
165,تحول واحدی,تحول واحدی چیست؟ تعریف روان، مثال روزمره و کاربردهای واقعی,تحول واحدی چیست؟ تحولی برگشت‌پذیر است که نرم حالت و مجموع احتمال‌ها را حفظ می‌کند. مثال و کاربرد ساده را در واژه‌نامهٔ Qpedia بخوانید.,4,259,مفاهیم پایه,https://qpedia.ir/decoherence/,DefinedTerm
166,معادله شرودینگر,معادله شرودینگر چیست؟ تعریف ساده، مثال و کاربردهای مهم,معادله شرودینگر چیست؟ معادله بنیادی تحول زمانی حالت کوانتومی غیرنسبیتی است. مثال و کاربرد ساده را در واژه‌نامهٔ Qpedia بخوانید.,4,250,مفاهیم پایه,https://qpedia.ir/wave-function/,DefinedTerm
167,معادله دیراک,معادله دیراک چیست؟ تعریف ساده، مثال و کاربردهای مهم,معادله دیراک چیست؟ معادله نسبیتی فرمیون‌های اسپین یک‌دوم است که پادذره را نیز پیش‌بینی می‌کند. مثال روزمره و مرز تمثیل را ببینید.,4,241,ذرات و نیروها,https://qpedia.ir/antimatter/,DefinedTerm
168,معادله هایزنبرگ,معادله هایزنبرگ چیست؟ تعریف ساده، مثال و کاربردهای مهم,معادله هایزنبرگ چیست؟ بیان تحول زمانی عملگرها در تصویر هایزنبرگ مکانیک کوانتومی است. تعریف کامل آن در واژه‌نامه آمده است.,4,246,مفاهیم پایه,https://qpedia.ir/heisenberg-uncertainty-principle/,DefinedTerm
169,انتگرال مسیر,انتگرال مسیر چیست؟ تعریف ساده، مثال و کاربردهای مهم,انتگرال مسیر چیست؟ روش فاینمن برای جمع دامنه‌های مربوط به تاریخچه‌های ممکن یک سامانه است. مثال روزمره و مرز تمثیل را ببینید.,4,249,تاریخ و جامعه,https://qpedia.ir/why-quantum-math-works/,DefinedTerm
170,کنش,کنش چیست؟ تعریف دقیق و ساده، مثال روزمره و کاربردهای علمی,کنش چیست؟ کمیتی فیزیکی با بُعد انرژی ضرب‌در زمان است که مسیر کلاسیک و فاز کوانتومی را پیوند می‌دهد. کاربرد آن را بخوانید.,4,254,مفاهیم پایه,https://qpedia.ir/planck-constant/,DefinedTerm
171,بسته موج,بسته موج چیست؟ تعریف روان، مثال روزمره و کاربردهای واقعی,بسته موج چیست؟ ترکیبی از موج‌هاست که حالت کوانتومی نسبتاً موضعی را نمایش می‌دهد. مثال و کاربرد ساده را در واژه‌نامهٔ Qpedia بخوانید.,4,248,مفاهیم پایه,https://qpedia.ir/wave-particle-duality/,DefinedTerm
172,سرعت گروه,سرعت گروه چیست؟ تعریف روان، مثال روزمره و کاربردهای واقعی,سرعت گروه چیست؟ سرعت حرکت پوش بسته موج است و در شرایط مناسب با انتقال سیگنال ارتباط دارد. مثال روزمره و مرز تمثیل را ببینید.,4,235,نور کوانتومی,https://qpedia.ir/slow-light/,DefinedTerm
173,سرعت فاز,سرعت فاز چیست؟ تعریف روان، مثال روزمره و کاربردهای واقعی,سرعت فاز چیست؟ سرعت جابه‌جایی یک فاز ثابت موج است و الزاماً سرعت انتقال اطلاعات نیست. مثال روزمره و مرز تمثیل را ببینید.,4,236,نور کوانتومی,https://qpedia.ir/slow-light/,DefinedTerm
174,فضای پیکربندی,فضای پیکربندی چیست؟ تعریف ساده، مثال و کاربردهای مهم,فضای پیکربندی چیست؟ فضایی است که همه مختصات ذرات سامانه چندجسمی را هم‌زمان نمایش می‌دهد. مثال روزمره و مرز تمثیل را ببینید.,4,256,مفاهیم پایه,https://qpedia.ir/quantum-entanglement-explained/,DefinedTerm
175,سامانه باز کوانتومی,سامانه باز کوانتومی چیست؟ تعریف ساده، مثال و کاربردهای مهم,سامانه باز کوانتومی چیست؟ سامانه‌ای است که با محیط تبادل انرژی یا اطلاعات دارد و جدا از آن توصیف کامل نمی‌شود. مثال آن را ببینید.,4,269,مفاهیم پایه,https://qpedia.ir/decoherence/,DefinedTerm
176,سامانه بسته کوانتومی,سامانه بسته کوانتومی چیست؟ تعریف ساده، مثال و کاربرد,سامانه بسته کوانتومی چیست؟ مدلی ایده‌آل از سامانه جدا از محیط است که تحول آن معمولاً واحدی در نظر گرفته می‌شود. مثال آن را ببینید.,4,269,مفاهیم پایه,https://qpedia.ir/why-large-objects-dont-superpose/,DefinedTerm
177,مخزن کوانتومی,مخزن کوانتومی چیست؟ تعریف ساده، مثال و کاربردهای مهم,مخزن کوانتومی چیست؟ محیطی با درجات آزادی فراوان است که می‌تواند اتلاف و واهمدوسی سامانه را ایجاد کند. مثال آن را ببینید.,4,263,مفاهیم پایه,https://qpedia.ir/decoherence/,DefinedTerm
178,نویز کوانتومی,نویز کوانتومی چیست؟ تعریف ساده، مثال و کاربردهای مهم,نویز کوانتومی چیست؟ نوسان یا عدم قطعیتی است که از اندازه‌گیری، حالت و برهم‌کنش محیطی پدید می‌آید. مثال روزمره و مرز تمثیل را ببینید.,4,244,رایانش کوانتومی,https://qpedia.ir/quantum-error-correction/,DefinedTerm
179,توموگرافی کوانتومی,توموگرافی کوانتومی چیست؟ تعریف ساده، مثال و کاربردهای مهم,توموگرافی کوانتومی چیست؟ روش بازسازی حالت یا فرایند کوانتومی از مجموعه‌ای از اندازه‌گیری‌هاست. مثال روزمره و مرز تمثیل را ببینید.,4,248,مفاهیم پایه,https://qpedia.ir/quantum-state/,DefinedTerm
180,وفاداری کوانتومی,وفاداری کوانتومی چیست؟ تعریف ساده، مثال و کاربردهای مهم,وفاداری کوانتومی چیست؟ معیاری برای سنجش شباهت دو حالت یا نزدیکی اجرای واقعی به هدف است. مثال روزمره و مرز تمثیل را ببینید.,4,242,رایانش کوانتومی,https://qpedia.ir/quantum-error-correction/,DefinedTerm
181,آنتروپی فون نویمان,آنتروپی فون نویمان چیست؟ تعریف ساده، مثال و کاربردهای مهم,آنتروپی فون نویمان چیست؟ معیاری از آمیزگی و اطلاعات حالت کوانتومی بر پایه مقادیر ویژه ماتریس چگالی است. مثال آن را ببینید.,4,256,مفاهیم پایه,https://qpedia.ir/quantum-thermodynamics/,DefinedTerm
182,آنتروپی درهم‌تنیدگی,آنتروپی درهم‌تنیدگی چیست؟ تعریف ساده، مثال و کاربردهای مهم,آنتروپی درهم‌تنیدگی چیست؟ مقدار درهم‌تنیدگی حالت خالص دوقسمتی را از آنتروپی یک زیرسامانه می‌سنجد. مثال روزمره و مرز تمثیل را ببینید.,4,249,مفاهیم پایه,https://qpedia.ir/entanglement-quantum-computers/,DefinedTerm
183,سرعت نور,سرعت نور چیست؟ تعریف روان، مثال روزمره و کاربردهای واقعی,سرعت نور چیست؟ بیشینهٔ سرعت انتقال انرژی و اطلاعات در فضازمان که هیچ پدیدهٔ کوانتومی آن را نقض نمی‌کند. مثال آن را ببینید.,4,260,مفاهیم پایه,https://qpedia.ir/entanglement-myths/,DefinedTerm
184,تبادل درهم‌تنیدگی,تبادل درهم‌تنیدگی چیست؟ تعریف ساده، مثال و کاربردهای مهم,تبادل درهم‌تنیدگی چیست؟ روشی است که دو سامانه بدون برهم‌کنش مستقیم را با اندازه‌گیری واسطه درهم‌تنیده می‌کند. مثال آن را ببینید.,4,247,تاریخ و جامعه,https://qpedia.ir/nobel-physics-2022/,DefinedTerm
185,تقطیر درهم‌تنیدگی,تقطیر درهم‌تنیدگی چیست؟ تعریف ساده، مثال و کاربردهای مهم,تقطیر درهم‌تنیدگی چیست؟ فرایندی برای استخراج جفت‌های درهم‌تنیده باکیفیت‌تر از جفت‌های نویزی است. مثال روزمره و مرز تمثیل را ببینید.,4,225,ارتباطات کوانتومی,https://qpedia.ir/quantum-network/,DefinedTerm
186,گیت هادامارد,گیت هادامارد چیست؟ تعریف ساده، مثال و کاربردهای مهم,گیت هادامارد چیست؟ گیتی تک‌کیوبیتی است که حالت پایه را به برهم‌نهی‌هایی با فاز مشخص تبدیل می‌کند. مثال روزمره و مرز تمثیل را ببینید.,4,246,رایانش کوانتومی,https://qpedia.ir/quantum-gate/,DefinedTerm
187,گیت CNOT,گیت CNOT چیست؟ تعریف روان، مثال روزمره و کاربردهای واقعی,گیت CNOT چیست؟ گیتی دوکیوبیتی است که کیوبیت هدف را بر اساس حالت کیوبیت کنترل تغییر می‌دهد. مثال روزمره و مرز تمثیل را ببینید.,4,247,رایانش کوانتومی,https://qpedia.ir/quantum-gate/,DefinedTerm
188,گیت فاز,گیت فاز چیست؟ تعریف روان، مثال روزمره و کاربردهای واقعی,گیت فاز چیست؟ گیتی است که فاز نسبی حالت‌های کیوبیت را بدون تغییر احتمال پایه تنظیم می‌کند. مثال روزمره و مرز تمثیل را ببینید.,4,245,رایانش کوانتومی,https://qpedia.ir/quantum-gate/,DefinedTerm
189,کره بلاخ,کره بلاخ چیست؟ تعریف روان، مثال روزمره و کاربردهای واقعی,کره بلاخ چیست؟ نمایش هندسی حالت خالص یک کیوبیت روی سطح یک کره است. تعریف روان و کاربرد آن را در واژه‌نامهٔ Qpedia بخوانید.,4,253,رایانش کوانتومی,https://qpedia.ir/qubit/,DefinedTerm
190,عمق مدار,عمق مدار چیست؟ تعریف روان، مثال روزمره و کاربردهای واقعی,عمق مدار چیست؟ تعداد لایه‌های متوالی گیت است و زمان اجرا و انباشت خطا را نشان می‌دهد. مثال روزمره و مرز تمثیل را ببینید.,4,253,تاریخ و جامعه,https://qpedia.ir/nobel-physics-2025/,DefinedTerm
191,کد سطحی,کد سطحی چیست؟ تعریف روان، مثال روزمره و کاربردهای واقعی,کد سطحی چیست؟ خانواده‌ای از کدهای تصحیح خطای کوانتومی با اندازه‌گیری‌های محلی روی شبکه است. مثال روزمره و مرز تمثیل را ببینید.,4,240,رایانش کوانتومی,https://qpedia.ir/quantum-error-correction/,DefinedTerm
192,فاصله کد,فاصله کد چیست؟ تعریف روان، مثال روزمره و کاربردهای واقعی,فاصله کد چیست؟ حداقل تعداد خطاهای لازم برای ایجاد خطای منطقی تشخیص‌نداده‌شده در یک کد است. مثال روزمره و مرز تمثیل را ببینید.,4,245,رایانش کوانتومی,https://qpedia.ir/quantum-error-correction/,DefinedTerm
193,آستانه خطا,آستانه خطا چیست؟ تعریف روان، مثال روزمره و کاربردهای واقعی,آستانه خطا چیست؟ نرخی است که پایین‌تر از آن افزایش اندازه کد می‌تواند خطای منطقی را کاهش دهد. مثال روزمره و مرز تمثیل را ببینید.,4,251,رایانش کوانتومی,https://qpedia.ir/topological-quantum-computing/,DefinedTerm
194,معیارسنجی تصادفی,معیارسنجی تصادفی چیست؟ تعریف ساده، مثال و کاربردهای مهم,معیارسنجی تصادفی چیست؟ روشی برای برآورد میانگین خطای گیت با اجرای دنباله‌های تصادفی است. مثال روزمره و مرز تمثیل را ببینید.,4,242,رایانش کوانتومی,https://qpedia.ir/quantum-error-correction/,DefinedTerm
195,همدوسی زمانی,همدوسی زمانی چیست؟ تعریف ساده، مثال و کاربردهای مهم,همدوسی زمانی چیست؟ مدت یا مقیاسی است که سامانه رابطه فازی قابل استفاده خود را حفظ می‌کند. مثال روزمره و مرز تمثیل را ببینید.,4,246,مفاهیم پایه,https://qpedia.ir/coherence/,DefinedTerm
196,زمان T1,زمان T1 چیست؟ تعریف روان، مثال روزمره و کاربردهای واقعی,زمان T1 چیست؟ زمان مشخصه بازگشت جمعیت کیوبیت برانگیخته به حالت انرژی پایین‌تر است. مثال و کاربرد ساده را در واژه‌نامهٔ Qpedia بخوانید.,4,253,مفاهیم پایه,https://qpedia.ir/decoherence/,DefinedTerm
197,زمان T2,زمان T2 چیست؟ تعریف روان، مثال روزمره و کاربردهای واقعی,زمان T2 چیست؟ زمان مشخصه از دست‌رفتن همدوسی فازی کیوبیت است. تعریف کامل‌تر، مثال روزمره و کاربرد آن را در واژه‌نامهٔ کوانتوم Qpedia بخوانید.,4,251,مفاهیم پایه,https://qpedia.ir/decoherence/,DefinedTerm
198,شات کوانتومی,شات کوانتومی چیست؟ تعریف ساده، مثال و کاربردهای مهم,شات کوانتومی چیست؟ یک بار اجرای مدار و ثبت نتیجه اندازه‌گیری است. تعریف روان و کاربرد آن را در واژه‌نامهٔ Qpedia بخوانید.,4,251,رایانش کوانتومی,https://qpedia.ir/quantum-cloud/,DefinedTerm
199,پس‌انتخاب,پس‌انتخاب چیست؟ تعریف روان، مثال روزمره و کاربردهای واقعی,پس‌انتخاب چیست؟ نگه‌داشتن زیرمجموعه‌ای از داده‌ها بر اساس یک نتیجه مشخص اندازه‌گیری است. مثال روزمره و مرز تمثیل را ببینید.,4,241,تاریخ و جامعه,https://qpedia.ir/wheeler-delayed-choice/,DefinedTerm
200,کدگذاری دامنه,کدگذاری دامنه چیست؟ تعریف ساده، مثال و کاربردهای مهم,کدگذاری دامنه چیست؟ روش نمایش داده در دامنه‌های حالت کوانتومی است که آماده‌سازی و خواندن آن هزینه دارد. مثال آن را ببینید.,4,255,هوش مصنوعی کوانتومی,https://qpedia.ir/quantum-machine-learning/,DefinedTerm
