sequence,post_id,status,title,slug,url,post_date,audit_status,revised_title,mother_category,main_category,subcategory,subcategory_slug,canonical_sequence,audit_note
1,286,publish,کوانتوم یعنی چه؟,what-is-quantum,https://qpedia.ir/what-is-quantum/,2026-08-22 22:04:55,حفظ,کوانتوم یعنی چه؟,دانش بنیادی کوانتوم,مبانی فیزیک کوانتومی,مفاهیم و کمیت‌های پایه,basic-quantum-concepts,,
2,287,publish,برهم‌نهی کوانتومی؛ چرا سکهٔ چرخان، الکترون نیست؟,quantum-superposition,https://qpedia.ir/quantum-superposition/,2026-08-22 23:07:34,حفظ,برهم‌نهی کوانتومی؛ چرا سکهٔ چرخان، الکترون نیست؟,دانش بنیادی کوانتوم,مبانی فیزیک کوانتومی,برهم‌نهی، درهم‌تنیدگی و همدوسی,superposition-entanglement-coherence,,
3,288,publish,دوگانگی موج و ذره,wave-particle-duality,https://qpedia.ir/wave-particle-duality/,2026-09-03 03:42:05,حفظ,دوگانگی موج و ذره,دانش بنیادی کوانتوم,مبانی فیزیک کوانتومی,مفاهیم و کمیت‌های پایه,basic-quantum-concepts,,
4,289,publish,تابع موج چیست؟ کامل‌ترین نقشهٔ یک ذره — ولی خودش واقعیت نیست,wave-function,https://qpedia.ir/wave-function/,2026-09-03 03:40:21,حفظ,تابع موج چیست؟ کامل‌ترین نقشهٔ یک ذره — ولی خودش واقعیت نیست,دانش بنیادی کوانتوم,مبانی فیزیک کوانتومی,حالت کوانتومی و تابع موج,quantum-states-wave-function,,
5,291,publish,اندازه‌گیری و فروپاشی در کوانتوم؛ بزرگ‌ترین درزِ مکانیک کوانتومی,quantum-measurement,https://qpedia.ir/quantum-measurement/,2026-09-03 03:38:59,حفظ,اندازه‌گیری و فروپاشی در کوانتوم؛ بزرگ‌ترین درزِ مکانیک کوانتومی,دانش بنیادی کوانتوم,مبانی فیزیک کوانتومی,اندازه‌گیری، احتمال و عدم‌قطعیت,measurement-probability-uncertainty,,
6,292,publish,اسپین؛ چرخشی که چرخش نیست,quantum-spin,https://qpedia.ir/quantum-spin/,2026-09-03 03:38:01,حفظ,اسپین؛ چرخشی که چرخش نیست,دانش بنیادی کوانتوم,مبانی فیزیک کوانتومی,مفاهیم و کمیت‌های پایه,basic-quantum-concepts,,
7,293,publish,ترازهای انرژی و کوانتش,energy-levels,https://qpedia.ir/energy-levels/,2026-09-03 03:36:46,حفظ,ترازهای انرژی و کوانتش,دانش بنیادی کوانتوم,مبانی فیزیک کوانتومی,مفاهیم و کمیت‌های پایه,basic-quantum-concepts,,
8,294,publish,واهمدوسی (Decoherence)؛ چرا گربه‌ای را نمی‌بینیم که هم‌زمان زنده و مرده باشد؟,decoherence,https://qpedia.ir/decoherence/,2026-09-03 03:32:17,حفظ,واهمدوسی (Decoherence)؛ چرا گربه‌ای را نمی‌بینیم که هم‌زمان زنده و مرده باشد؟,دانش بنیادی کوانتوم,مبانی فیزیک کوانتومی,برهم‌نهی، درهم‌تنیدگی و همدوسی,superposition-entanglement-coherence,,
9,295,publish,ثابت پلانک؛ کوچک‌ترین واحد جهان,planck-constant,https://qpedia.ir/planck-constant/,2026-09-03 03:34:46,اصلاح عنوان,ثابت پلانک چیست؟ مقیاس بنیادی کوانتومی، نه کوچک‌ترین واحد جهان,دانش بنیادی کوانتوم,مبانی فیزیک کوانتومی,مفاهیم و کمیت‌های پایه,basic-quantum-concepts,,اصلاح علمی عنوان؛ موضوع مقاله حفظ می‌شود.
10,297,publish,آزمایش دو شکاف؛ معروف‌ترین آزمایش فیزیک، که هنوز هم درک کاملش سخت است,double-slit-experiment,https://qpedia.ir/double-slit-experiment/,2026-08-23 00:29:03,حفظ,آزمایش دو شکاف؛ معروف‌ترین آزمایش فیزیک، که هنوز هم درک کاملش سخت است,دانش بنیادی کوانتوم,مبانی فیزیک کوانتومی,اثرها و پدیده‌های کوانتومی,quantum-effects-phenomena,,
11,298,publish,درهم‌تنیدگی کوانتومی؛ «اثر شبح‌وار» که واقعی است، اما پیام نمی‌فرستد,quantum-entanglement-explained,https://qpedia.ir/quantum-entanglement-explained/,2026-08-23 00:29:03,حفظ,درهم‌تنیدگی کوانتومی؛ «اثر شبح‌وار» که واقعی است، اما پیام نمی‌فرستد,دانش بنیادی کوانتوم,مبانی فیزیک کوانتومی,برهم‌نهی، درهم‌تنیدگی و همدوسی,superposition-entanglement-coherence,,
12,299,publish,تونل‌زنی کوانتومی؛ پدیده‌ای که بدونش خورشید نمی‌تابید,quantum-tunneling,https://qpedia.ir/quantum-tunneling/,2026-08-23 00:29:03,حفظ,تونل‌زنی کوانتومی؛ پدیده‌ای که بدونش خورشید نمی‌تابید,دانش بنیادی کوانتوم,مبانی فیزیک کوانتومی,اثرها و پدیده‌های کوانتومی,quantum-effects-phenomena,,
13,300,publish,اثر فوتوالکتریک,photoelectric-effect,https://qpedia.ir/photoelectric-effect/,2026-09-03 03:49:03,حفظ,اثر فوتوالکتریک,جهان کوانتومی و ساختار ماده,اپتیک کوانتومی و فوتونیک,نور، فوتون و برهم‌کنش نور و ماده,light-photons-light-matter,,
14,302,publish,اثر زنون کوانتومی,quantum-zeno-effect,https://qpedia.ir/quantum-zeno-effect/,2026-08-23 00:29:03,حفظ,اثر زنون کوانتومی,دانش بنیادی کوانتوم,مبانی فیزیک کوانتومی,اندازه‌گیری، احتمال و عدم‌قطعیت,measurement-probability-uncertainty,,
15,303,publish,نوسانات خلأ,vacuum-fluctuations,https://qpedia.ir/vacuum-fluctuations/,2026-08-23 00:29:03,حفظ,نوسانات خلأ,دانش بنیادی کوانتوم,مبانی فیزیک کوانتومی,اثرها و پدیده‌های کوانتومی,quantum-effects-phenomena,,
16,304,publish,اثر کازیمیر,casimir-effect,https://qpedia.ir/casimir-effect/,2026-08-23 00:29:03,حفظ,اثر کازیمیر,دانش بنیادی کوانتوم,مبانی فیزیک کوانتومی,اثرها و پدیده‌های کوانتومی,quantum-effects-phenomena,,
17,305,publish,ابررسانایی,superconductivity,https://qpedia.ir/superconductivity/,2026-09-03 03:45:19,حفظ,ابررسانایی,جهان کوانتومی و ساختار ماده,ماده چگال و مواد کوانتومی,ابررسانایی و پیوند جوزفسون,superconductivity-josephson,,
18,306,publish,ابرشارگی؛ مایعی که از لیوان بالا می‌رود,superfluidity,https://qpedia.ir/superfluidity/,2026-08-23 00:29:03,حفظ,ابرشارگی؛ مایعی که از لیوان بالا می‌رود,جهان کوانتومی و ساختار ماده,ماده چگال و مواد کوانتومی,ابرشارگی، چگالش و گازهای کوانتومی,superfluidity-condensates-quantum-gases,,
19,307,publish,فاجعهٔ فرابنفش,ultraviolet-catastrophe,https://qpedia.ir/ultraviolet-catastrophe/,2026-08-23 01:33:42,حفظ,فاجعهٔ فرابنفش,دانش بنیادی کوانتوم,مبانی فیزیک کوانتومی,مفاهیم و کمیت‌های پایه,basic-quantum-concepts,,
20,308,publish,مدل اتمی بور,bohr-atomic-model,https://qpedia.ir/bohr-atomic-model/,2026-08-23 01:33:42,حفظ,مدل اتمی بور,دانش بنیادی کوانتوم,مبانی فیزیک کوانتومی,مفاهیم و کمیت‌های پایه,basic-quantum-concepts,,
21,309,publish,نامساوی بل,bell-inequality,https://qpedia.ir/bell-inequality/,2026-09-03 03:21:12,حفظ,نامساوی بل,دانش بنیادی کوانتوم,مبانی فیزیک کوانتومی,برهم‌نهی، درهم‌تنیدگی و همدوسی,superposition-entanglement-coherence,,
22,310,publish,تفسیر کپنهاگی,copenhagen-interpretation,https://qpedia.ir/copenhagen-interpretation/,2026-09-03 03:21:45,حفظ,تفسیر کپنهاگی,دانش بنیادی کوانتوم,تفسیرها، فلسفه و مرزهای واقعیت,تفسیرهای مکانیک کوانتومی,quantum-interpretations,,
23,311,publish,تفسیر جهان‌های موازی,many-worlds-interpretation,https://qpedia.ir/many-worlds-interpretation/,2026-09-03 03:22:45,حفظ,تفسیر جهان‌های موازی,دانش بنیادی کوانتوم,تفسیرها، فلسفه و مرزهای واقعیت,چندجهانی و فرضیه‌های واقعیت,multiverse-reality-hypotheses,,
24,312,publish,کیوبیت چیست؟ چرا «بیت کوانتومی» یک بیت بهتر نیست؟,qubit,https://qpedia.ir/qubit/,2026-08-23 01:33:42,حفظ,کیوبیت چیست؟ چرا «بیت کوانتومی» یک بیت بهتر نیست؟,اطلاعات و فناوری کوانتومی,رایانش کوانتومی,کیوبیت، گیت و مدار کوانتومی,qubits-gates-circuits,,
25,313,publish,لیزر چطور کار می‌کند؟,how-lasers-work,https://qpedia.ir/how-lasers-work/,2026-09-03 03:23:50,حفظ,لیزر چطور کار می‌کند؟,جهان کوانتومی و ساختار ماده,اپتیک کوانتومی و فوتونیک,لیزرها و اپتیک غیرخطی,lasers-nonlinear-optics,,
26,314,publish,ترانزیستور؛ کوانتوم در جیب شما,transistor-quantum,https://qpedia.ir/transistor-quantum/,2026-09-03 03:25:00,حفظ,ترانزیستور؛ کوانتوم در جیب شما,کوانتوم در علم، فناوری و جامعه,اندازه‌گیری، حسگرها و فناوری‌های کوانتومی,الکترونیک و فناوری‌های روزمره,quantum-electronics-everyday-technology,,
27,315,publish,ساعت اتمی و جی‌پی‌اس,atomic-clock-gps,https://qpedia.ir/atomic-clock-gps/,2026-09-03 03:25:44,حفظ,ساعت اتمی و جی‌پی‌اس,کوانتوم در علم، فناوری و جامعه,اندازه‌گیری، حسگرها و فناوری‌های کوانتومی,زمان‌سنجی، ساعت اتمی و ناوبری,atomic-clocks-navigation,,
28,316,publish,«همه‌چیز انرژی است» — بررسی یک ادعا,everything-is-energy-claim,https://qpedia.ir/everything-is-energy-claim/,2026-08-23 01:33:42,حفظ,«همه‌چیز انرژی است» — بررسی یک ادعا,کوانتوم در علم، فناوری و جامعه,تاریخ، آموزش و جامعه کوانتومی,سواد علمی و تشخیص شبه‌علم,scientific-literacy-pseudoscience,,
29,320,publish,آنزیم‌ها؛ عبور از دیوار به‌جای پریدن,enzyme-quantum-tunneling,https://qpedia.ir/enzyme-quantum-tunneling/,2026-08-23 01:53:18,اصلاح عنوان,تونل‌زنی کوانتومی در آنزیم‌ها؛ چه شواهدی داریم؟,کوانتوم در علم، فناوری و جامعه,شیمی، زیست‌شناسی و پزشکی کوانتومی,زیست‌شناسی کوانتومی,quantum-biology,,اصلاح علمی عنوان؛ موضوع مقاله حفظ می‌شود.
30,321,publish,آیا مغز کوانتومی است؟,is-the-brain-quantum,https://qpedia.ir/is-the-brain-quantum/,2026-09-03 03:20:41,حفظ,آیا مغز کوانتومی است؟,کوانتوم در علم، فناوری و جامعه,شیمی، زیست‌شناسی و پزشکی کوانتومی,مغز، آگاهی و علوم اعصاب,quantum-brain-neuroscience,,
31,511,publish,کوانتوم و پزشکی,quantum-alternative-medicine-science,https://qpedia.ir/quantum-alternative-medicine-science/,2026-09-03 03:29:13,حفظ,کوانتوم و پزشکی,کوانتوم در علم، فناوری و جامعه,شیمی، زیست‌شناسی و پزشکی کوانتومی,پزشکی، تصویربرداری و تشخیص,quantum-medicine-imaging-diagnostics,,
32,514,publish,ام‌آرآی (MRI) چگونه کار می‌کند؟ ریشهٔ کوانتومی آن,mri-quantum,https://qpedia.ir/mri-quantum/,2026-09-03 03:29:58,حفظ,ام‌آرآی (MRI) چگونه کار می‌کند؟ ریشهٔ کوانتومی آن,کوانتوم در علم، فناوری و جامعه,شیمی، زیست‌شناسی و پزشکی کوانتومی,پزشکی، تصویربرداری و تشخیص,quantum-medicine-imaging-diagnostics,,
33,518,publish,چگونه ادعای شبه‌علمی را در یک جمله تشخیص دهیم,spot-pseudoscience-one-sentence,https://qpedia.ir/spot-pseudoscience-one-sentence/,2026-09-03 03:13:24,حفظ,چگونه ادعای شبه‌علمی را در یک جمله تشخیص دهیم,کوانتوم در علم، فناوری و جامعه,تاریخ، آموزش و جامعه کوانتومی,سواد علمی و تشخیص شبه‌علم,scientific-literacy-pseudoscience,,
34,545,publish,تله پورت کوانتومی چیست؟,quantum-teleportation,https://qpedia.ir/quantum-teleportation/,2026-09-01 04:03:21,حفظ,تله پورت کوانتومی چیست؟,اطلاعات و فناوری کوانتومی,ارتباطات، شبکه و امنیت کوانتومی,ارتباط و تله‌پورت کوانتومی,quantum-communication-teleportation,,
35,564,publish,آیا کوانتوم ثابت می کند خدا وجود دارد یا ندارد؟,does-quantum-prove-god,https://qpedia.ir/does-quantum-prove-god/,2026-09-03 03:03:59,حفظ,آیا کوانتوم ثابت می کند خدا وجود دارد یا ندارد؟,دانش بنیادی کوانتوم,تفسیرها، فلسفه و مرزهای واقعیت,چندجهانی و فرضیه‌های واقعیت,multiverse-reality-hypotheses,,
36,568,publish,اینشتین و اثر فوتوالکتریک (نه فقط نسبیت),einstein-photoelectric-effect,https://qpedia.ir/einstein-photoelectric-effect/,2026-09-03 03:11:09,حفظ,اینشتین و اثر فوتوالکتریک (نه فقط نسبیت),کوانتوم در علم، فناوری و جامعه,تاریخ، آموزش و جامعه کوانتومی,آزمایش‌ها و رویدادهای تاریخی,quantum-historical-experiments-events,,
37,2090,publish,زنان فراموش‌شدهٔ فیزیک کوانتوم,forgotten-women-quantum,https://qpedia.ir/forgotten-women-quantum/,2026-09-02 21:06:28,حفظ,زنان فراموش‌شدهٔ فیزیک کوانتوم,کوانتوم در علم، فناوری و جامعه,تاریخ، آموزش و جامعه کوانتومی,دانشمندان، زندگی‌نامه‌ها و جایزه‌ها,quantum-scientists-biographies-awards,,
38,2091,publish,شرودینگر: زندگی، معادله و گربه‌ای که هرگز نداشت,schrodinger-life-equation,https://qpedia.ir/schrodinger-life-equation/,2026-09-03 02:43:49,حفظ,شرودینگر: زندگی، معادله و گربه‌ای که هرگز نداشت,کوانتوم در علم، فناوری و جامعه,تاریخ، آموزش و جامعه کوانتومی,دانشمندان، زندگی‌نامه‌ها و جایزه‌ها,quantum-scientists-biographies-awards,,
39,2236,publish,کنفرانس سولوی ۱۹۲۷ چه بود؟,solvay-conference-1927,https://qpedia.ir/solvay-conference-1927/,2026-09-03 20:32:34,حفظ,کنفرانس سولوی ۱۹۲۷ چه بود؟,کوانتوم در علم، فناوری و جامعه,تاریخ، آموزش و جامعه کوانتومی,آزمایش‌ها و رویدادهای تاریخی,quantum-historical-experiments-events,,
40,2239,publish,آزمایش آسپه ۱۹۸۲ چه بود؟,aspect-experiment-1982,https://qpedia.ir/aspect-experiment-1982/,2026-09-03 20:32:34,حفظ,آزمایش آسپه ۱۹۸۲ چه بود؟,کوانتوم در علم، فناوری و جامعه,تاریخ، آموزش و جامعه کوانتومی,آزمایش‌ها و رویدادهای تاریخی,quantum-historical-experiments-events,,
41,2241,publish,صفر مطلق چیست؟,absolute-zero,https://qpedia.ir/absolute-zero/,2026-09-03 20:32:34,حفظ,صفر مطلق چیست؟,دانش بنیادی کوانتوم,مبانی فیزیک کوانتومی,مفاهیم و کمیت‌های پایه,basic-quantum-concepts,,
42,2242,publish,واپاشی آلفا چیست؟,alpha-decay,https://qpedia.ir/alpha-decay/,2026-09-03 20:32:34,حفظ,واپاشی آلفا چیست؟,دانش بنیادی کوانتوم,مبانی فیزیک کوانتومی,اثرها و پدیده‌های کوانتومی,quantum-effects-phenomena,,
43,2243,publish,گسیل تحریکی چیست؟,stimulated-emission,https://qpedia.ir/stimulated-emission/,2026-09-03 20:32:34,حفظ,گسیل تحریکی چیست؟,دانش بنیادی کوانتوم,ذرات، میدان‌ها و فیزیک هسته‌ای,میدان‌های کوانتومی و نیروهای بنیادی,quantum-fields-fundamental-forces,,
44,2478,publish,اصل هولوگرافیک؛ آیا جهان ما یک هولوگرام است؟,holographic-principle,https://qpedia.ir/holographic-principle/,2026-09-05 22:39:44,حفظ,اصل هولوگرافیک؛ آیا جهان ما یک هولوگرام است؟,دانش بنیادی کوانتوم,تفسیرها، فلسفه و مرزهای واقعیت,چندجهانی و فرضیه‌های واقعیت,multiverse-reality-hypotheses,,
45,2479,publish,رمزنگاری پساکوانتومی؛ قفل های تازهٔ اینترنت,post-quantum-cryptography,https://qpedia.ir/post-quantum-cryptography/,2026-09-05 22:39:44,حفظ,رمزنگاری پساکوانتومی؛ قفل های تازهٔ اینترنت,اطلاعات و فناوری کوانتومی,ارتباطات، شبکه و امنیت کوانتومی,امنیت و رمزنگاری پساکوانتومی,post-quantum-security,,
46,2480,publish,شیمی کوانتومی چیست؟ چرا دستتان از دیوار رد نمی شود,quantum-chemistry,https://qpedia.ir/quantum-chemistry/,2026-09-05 22:39:44,حفظ,شیمی کوانتومی چیست؟ چرا دستتان از دیوار رد نمی شود,کوانتوم در علم، فناوری و جامعه,شیمی، زیست‌شناسی و پزشکی کوانتومی,شیمی کوانتومی و ساختار مولکولی,quantum-chemistry-molecular-structure,,
47,2481,publish,چرا کوانتوم را در زندگی روزمره حس نمی کنیم؟,quantum-classical-boundary,https://qpedia.ir/quantum-classical-boundary/,2026-09-05 22:39:44,حفظ,چرا کوانتوم را در زندگی روزمره حس نمی کنیم؟,دانش بنیادی کوانتوم,مبانی فیزیک کوانتومی,مفاهیم و کمیت‌های پایه,basic-quantum-concepts,,
48,2482,publish,داروینیسم کوانتومی؛ چرا همه یک واقعیت می بینیم؟,quantum-darwinism,https://qpedia.ir/quantum-darwinism/,2026-09-05 22:39:44,حفظ,داروینیسم کوانتومی؛ چرا همه یک واقعیت می بینیم؟,دانش بنیادی کوانتوم,تفسیرها، فلسفه و مرزهای واقعیت,واقعیت، علیت و مسئله ناظر,reality-causality-observer,,
49,2483,publish,کوانتوم و ارادهٔ آزاد؛ آیا آینده از قبل نوشته شده؟,quantum-free-will,https://qpedia.ir/quantum-free-will/,2026-09-05 22:39:44,حفظ,کوانتوم و ارادهٔ آزاد؛ آیا آینده از قبل نوشته شده؟,دانش بنیادی کوانتوم,تفسیرها، فلسفه و مرزهای واقعیت,زمان، اختیار و آگاهی,time-free-will-consciousness,,
50,2484,publish,گرانش کوانتومی چیست؟ بزرگ ترین چالش فیزیک,quantum-gravity,https://qpedia.ir/quantum-gravity/,2026-09-05 22:39:44,حفظ,گرانش کوانتومی چیست؟ بزرگ ترین چالش فیزیک,جهان کوانتومی و ساختار ماده,کیهان، گرانش و ترمودینامیک کوانتومی,گرانش کوانتومی و فضا–زمان,quantum-gravity-spacetime,,
51,2485,publish,شفای کوانتومی؛ چرا این ادعا شبه علم است؟,quantum-healing-debunked,https://qpedia.ir/quantum-healing-debunked/,2026-09-05 22:39:44,حفظ,شفای کوانتومی؛ چرا این ادعا شبه علم است؟,کوانتوم در علم، فناوری و جامعه,شیمی، زیست‌شناسی و پزشکی کوانتومی,ادعاهای درمانی و شبه‌علم پزشکی,quantum-medical-pseudoscience,,
52,2486,publish,نظریهٔ ریسمان و کوانتوم؛ جهان از جنس نت است؟,string-theory-quantum,https://qpedia.ir/string-theory-quantum/,2026-09-05 22:39:44,حفظ,نظریهٔ ریسمان و کوانتوم؛ جهان از جنس نت است؟,جهان کوانتومی و ساختار ماده,کیهان، گرانش و ترمودینامیک کوانتومی,گرانش کوانتومی و فضا–زمان,quantum-gravity-spacetime,,
53,2487,publish,کریستال زمان چیست؟ ماده ای که در زمان تکرار می شود,time-crystal,https://qpedia.ir/time-crystal/,2026-09-05 22:39:44,حفظ,کریستال زمان چیست؟ ماده ای که در زمان تکرار می شود,جهان کوانتومی و ساختار ماده,ماده چگال و مواد کوانتومی,ابرشارگی، چگالش و گازهای کوانتومی,superfluidity-condensates-quantum-gases,,
54,2489,publish,نوبل فیزیک ۲۰۲۳؛ عکاسی از حرکت الکترون,attosecond-nobel-2023,https://qpedia.ir/attosecond-nobel-2023/,2026-09-05 23:05:17,اصلاح عنوان,نوبل فیزیک ۲۰۲۳؛ پالس‌های آتوثانیه‌ای و حرکت الکترون‌ها,کوانتوم در علم، فناوری و جامعه,تاریخ، آموزش و جامعه کوانتومی,دانشمندان، زندگی‌نامه‌ها و جایزه‌ها,quantum-scientists-biographies-awards,,اصلاح علمی عنوان؛ موضوع مقاله حفظ می‌شود.
55,2490,publish,پردازندهٔ IBM Condor؛ چرا هزار کیوبیت کافی نیست,ibm-condor-processor,https://qpedia.ir/ibm-condor-processor/,2026-09-05 23:05:17,حفظ,پردازندهٔ IBM Condor؛ چرا هزار کیوبیت کافی نیست,اطلاعات و فناوری کوانتومی,رایانش کوانتومی,سخت‌افزار و معماری رایانه کوانتومی,quantum-computing-hardware,,
56,2491,publish,پادماده در پزشکی؛ اسکن پت چطور کار می کند؟,pet-scan-antimatter,https://qpedia.ir/pet-scan-antimatter/,2026-09-05 23:05:17,حفظ,پادماده در پزشکی؛ اسکن پت چطور کار می کند؟,کوانتوم در علم، فناوری و جامعه,شیمی، زیست‌شناسی و پزشکی کوانتومی,پزشکی، تصویربرداری و تشخیص,quantum-medicine-imaging-diagnostics,,
57,2492,publish,باتری کوانتومی؛ چرا بزرگ تر یعنی سریع تر؟,quantum-battery,https://qpedia.ir/quantum-battery/,2026-09-05 23:05:17,اصلاح عنوان,باتری کوانتومی چیست؟ ظرفیت نظری و محدودیت‌های واقعی,کوانتوم در علم، فناوری و جامعه,اندازه‌گیری، حسگرها و فناوری‌های کوانتومی,الکترونیک و فناوری‌های روزمره,quantum-electronics-everyday-technology,,اصلاح علمی عنوان؛ موضوع مقاله حفظ می‌شود.
58,2493,publish,افت وخیز کوانتومی؛ چطور کهکشان ها متولد شدند؟,quantum-fluctuations-cosmos,https://qpedia.ir/quantum-fluctuations-cosmos/,2026-09-05 23:05:17,حفظ,افت وخیز کوانتومی؛ چطور کهکشان ها متولد شدند؟,جهان کوانتومی و ساختار ماده,کیهان، گرانش و ترمودینامیک کوانتومی,کیهان‌شناسی و جهان آغازین,quantum-cosmology-early-universe,,
59,2494,publish,اینترنت کوانتومی فضایی؛ ماجرای ماهوارهٔ میسیوس,quantum-internet-satellite,https://qpedia.ir/quantum-internet-satellite/,2026-09-05 23:05:17,حفظ,اینترنت کوانتومی فضایی؛ ماجرای ماهوارهٔ میسیوس,اطلاعات و فناوری کوانتومی,ارتباطات، شبکه و امنیت کوانتومی,شبکه، ریپیتر و اینترنت کوانتومی,quantum-networks-repeaters-internet,,
60,2495,publish,یادگیری ماشین کوانتومی؛ وعده ها و واقعیت ها,quantum-machine-learning,https://qpedia.ir/quantum-machine-learning/,2026-09-05 23:05:17,حفظ,یادگیری ماشین کوانتومی؛ وعده ها و واقعیت ها,اطلاعات و فناوری کوانتومی,هوش مصنوعی و یادگیری ماشین کوانتومی,مبانی یادگیری ماشین کوانتومی,quantum-machine-learning-foundations,,
61,2496,publish,رادار کوانتومی؛ آیا جنگندهٔ رادارگریز را می بیند؟,quantum-radar,https://qpedia.ir/quantum-radar/,2026-09-05 23:05:17,حفظ,رادار کوانتومی؛ آیا جنگندهٔ رادارگریز را می بیند؟,کوانتوم در علم، فناوری و جامعه,اندازه‌گیری، حسگرها و فناوری‌های کوانتومی,رادار، لیدار و سنجش نوری,quantum-radar-lidar-optical-sensing,,
62,2497,publish,مایع اسپینی کوانتومی؛ ماده ای که هرگز آرام نمی گیرد,quantum-spin-liquid,https://qpedia.ir/quantum-spin-liquid/,2026-09-05 23:05:17,حفظ,مایع اسپینی کوانتومی؛ ماده ای که هرگز آرام نمی گیرد,جهان کوانتومی و ساختار ماده,ماده چگال و مواد کوانتومی,مواد و فازهای توپولوژیک,topological-quantum-materials,,
63,2498,publish,ترمودینامیک کوانتومی؛ موتوری به اندازهٔ یک اتم,quantum-thermodynamics,https://qpedia.ir/quantum-thermodynamics/,2026-09-05 23:05:17,حفظ,ترمودینامیک کوانتومی؛ موتوری به اندازهٔ یک اتم,جهان کوانتومی و ساختار ماده,کیهان، گرانش و ترمودینامیک کوانتومی,ترمودینامیک، آنتروپی و ماشین‌های کوانتومی,quantum-thermodynamics-entropy-machines,,
64,2500,publish,پارادوکس اطلاعات سیاه چاله؛ معمای هاوکینگ,black-hole-information-paradox,https://qpedia.ir/black-hole-information-paradox/,2026-09-05 23:25:55,حفظ,پارادوکس اطلاعات سیاه چاله؛ معمای هاوکینگ,جهان کوانتومی و ساختار ماده,کیهان، گرانش و ترمودینامیک کوانتومی,سیاه‌چاله‌ها، افق و اطلاعات,black-holes-horizons-information,,
65,2501,publish,چرا تله پورت انسان از نظر علمی غیرممکن است؟,human-teleportation,https://qpedia.ir/human-teleportation/,2026-09-05 23:25:55,حفظ,چرا تله پورت انسان از نظر علمی غیرممکن است؟,اطلاعات و فناوری کوانتومی,ارتباطات، شبکه و امنیت کوانتومی,ارتباط و تله‌پورت کوانتومی,quantum-communication-teleportation,,
66,2502,publish,ده دیدگاه فیزیکدانان بزرگ دربارهٔ عجایب کوانتوم,physicists-on-quantum-weirdness,https://qpedia.ir/physicists-on-quantum-weirdness/,2026-09-05 23:25:55,حفظ,ده دیدگاه فیزیکدانان بزرگ دربارهٔ عجایب کوانتوم,دانش بنیادی کوانتوم,تفسیرها، فلسفه و مرزهای واقعیت,واقعیت، علیت و مسئله ناظر,reality-causality-observer,,
67,2503,publish,بهترین مستندهای فیزیک کوانتوم که باید ببینید,quantum-documentaries,https://qpedia.ir/quantum-documentaries/,2026-09-05 23:25:55,حفظ,بهترین مستندهای فیزیک کوانتوم که باید ببینید,کوانتوم در علم، فناوری و جامعه,تاریخ، آموزش و جامعه کوانتومی,آموزش، منابع و مسیر یادگیری,quantum-learning-resources,,
68,2504,publish,فیزیک کوانتوم در فیلم مرد مورچه ای؛ واقعیت یا تخیل؟,quantum-physics-in-movies-ant-man,https://qpedia.ir/quantum-physics-in-movies-ant-man/,2026-09-05 23:25:55,حفظ,فیزیک کوانتوم در فیلم مرد مورچه ای؛ واقعیت یا تخیل؟,کوانتوم در علم، فناوری و جامعه,تاریخ، آموزش و جامعه کوانتومی,فرهنگ، رسانه، صنعت و آینده کوانتوم,quantum-culture-media-industry-future,,
69,2505,publish,آیا سفر در زمان با فیزیک کوانتوم ممکن است؟,quantum-time-travel,https://qpedia.ir/quantum-time-travel/,2026-09-05 23:25:55,حفظ,آیا سفر در زمان با فیزیک کوانتوم ممکن است؟,دانش بنیادی کوانتوم,تفسیرها، فلسفه و مرزهای واقعیت,زمان، اختیار و آگاهی,time-free-will-consciousness,,
70,2512,publish,قانون جذب و کوانتوم؛ کجای این استدلال می لنگد؟,law-of-attraction-quantum,https://qpedia.ir/law-of-attraction-quantum/,2026-09-06 00:53:19,حفظ,قانون جذب و کوانتوم؛ کجای این استدلال می لنگد؟,کوانتوم در علم، فناوری و جامعه,تاریخ، آموزش و جامعه کوانتومی,سواد علمی و تشخیص شبه‌علم,scientific-literacy-pseudoscience,,
71,2513,publish,نوبل فیزیک ۲۰۲۵؛ وقتی یک مدار مثل اتم رفتار کرد,nobel-physics-2025,https://qpedia.ir/nobel-physics-2025/,2026-09-06 00:53:19,حفظ,نوبل فیزیک ۲۰۲۵؛ وقتی یک مدار مثل اتم رفتار کرد,کوانتوم در علم، فناوری و جامعه,تاریخ، آموزش و جامعه کوانتومی,دانشمندان، زندگی‌نامه‌ها و جایزه‌ها,quantum-scientists-biographies-awards,,
72,2514,publish,روز کیو چیست و واقعاً کِی می رسد؟,q-day,https://qpedia.ir/q-day/,2026-09-06 00:53:19,حفظ,روز کیو چیست و واقعاً کِی می رسد؟,کوانتوم در علم، فناوری و جامعه,تاریخ، آموزش و جامعه کوانتومی,فرهنگ، رسانه، صنعت و آینده کوانتوم,quantum-culture-media-industry-future,,
73,2515,publish,نقطهٔ کوانتومی؛ کوانتومی که در تلویزیون شماست,quantum-dots-displays,https://qpedia.ir/quantum-dots-displays/,2026-09-06 00:53:19,حفظ,نقطهٔ کوانتومی؛ کوانتومی که در تلویزیون شماست,کوانتوم در علم، فناوری و جامعه,اندازه‌گیری، حسگرها و فناوری‌های کوانتومی,الکترونیک و فناوری‌های روزمره,quantum-electronics-everyday-technology,,
74,2516,publish,تراشهٔ ویلو؛ گوگل واقعاً چه چیزی را ثابت کرد؟,willow-chip,https://qpedia.ir/willow-chip/,2026-09-06 00:53:19,حفظ,تراشهٔ ویلو؛ گوگل واقعاً چه چیزی را ثابت کرد؟,اطلاعات و فناوری کوانتومی,رایانش کوانتومی,سخت‌افزار و معماری رایانه کوانتومی,quantum-computing-hardware,,
75,2520,publish,الان جمع کن، بعداً رمزگشایی کن؛ تهدیدی که فعال است,harvest-now-decrypt-later,https://qpedia.ir/harvest-now-decrypt-later/,2026-09-06 01:32:27,حفظ,الان جمع کن، بعداً رمزگشایی کن؛ تهدیدی که فعال است,اطلاعات و فناوری کوانتومی,ارتباطات، شبکه و امنیت کوانتومی,امنیت و رمزنگاری پساکوانتومی,post-quantum-security,,
76,2521,publish,آیا کامپیوتر کوانتومی بیت کوین را نابود می کند؟,bitcoin-quantum-threat,https://qpedia.ir/bitcoin-quantum-threat/,2026-09-06 01:32:27,حفظ,آیا کامپیوتر کوانتومی بیت کوین را نابود می کند؟,اطلاعات و فناوری کوانتومی,ارتباطات، شبکه و امنیت کوانتومی,امنیت و رمزنگاری پساکوانتومی,post-quantum-security,,
77,2522,publish,پاک کن کوانتومی؛ آیا آینده بر گذشته اثر می گذارد؟,quantum-eraser,https://qpedia.ir/quantum-eraser/,2026-09-06 01:32:27,حفظ,پاک کن کوانتومی؛ آیا آینده بر گذشته اثر می گذارد؟,کوانتوم در علم، فناوری و جامعه,تاریخ، آموزش و جامعه کوانتومی,آزمایش‌ها و رویدادهای تاریخی,quantum-historical-experiments-events,,
78,2523,publish,پایان قانون مور؛ چرا ترانزیستورها به دیوار خوردند؟,moore-law-quantum-limit,https://qpedia.ir/moore-law-quantum-limit/,2026-09-06 01:32:27,حفظ,پایان قانون مور؛ چرا ترانزیستورها به دیوار خوردند؟,کوانتوم در علم، فناوری و جامعه,تاریخ، آموزش و جامعه کوانتومی,فرهنگ، رسانه، صنعت و آینده کوانتوم,quantum-culture-media-industry-future,,
79,2524,publish,صد سالگی کوانتوم؛ از جزیرهٔ هلگولاند تا امروز,quantum-century-2025,https://qpedia.ir/quantum-century-2025/,2026-09-06 01:32:27,حفظ,صد سالگی کوانتوم؛ از جزیرهٔ هلگولاند تا امروز,کوانتوم در علم، فناوری و جامعه,تاریخ، آموزش و جامعه کوانتومی,آزمایش‌ها و رویدادهای تاریخی,quantum-historical-experiments-events,,
80,2527,publish,عدد تصادفی کوانتومی؛ تنها تصادف واقعی جهان,quantum-random-number-generator,https://qpedia.ir/quantum-random-number-generator/,2026-09-06 02:34:03,اصلاح عنوان,مولد عدد تصادفی کوانتومی؛ آیا تصادف بنیادی قابل استفاده است؟,دانش بنیادی کوانتوم,مبانی فیزیک کوانتومی,اندازه‌گیری، احتمال و عدم‌قطعیت,measurement-probability-uncertainty,,اصلاح علمی عنوان؛ موضوع مقاله حفظ می‌شود.
81,2528,publish,ابررسانای دمای اتاق؛ درس LK-99 دربارهٔ هیجان علمی,room-temperature-superconductor,https://qpedia.ir/room-temperature-superconductor/,2026-09-06 02:34:03,حفظ,ابررسانای دمای اتاق؛ درس LK-99 دربارهٔ هیجان علمی,جهان کوانتومی و ساختار ماده,ماده چگال و مواد کوانتومی,ابررسانایی و پیوند جوزفسون,superconductivity-josephson,,
82,2529,publish,انرژی نقطهٔ صفر و افسانهٔ انرژی رایگان,zero-point-energy-scam,https://qpedia.ir/zero-point-energy-scam/,2026-09-06 02:34:03,حفظ,انرژی نقطهٔ صفر و افسانهٔ انرژی رایگان,کوانتوم در علم، فناوری و جامعه,تاریخ، آموزش و جامعه کوانتومی,سواد علمی و تشخیص شبه‌علم,scientific-literacy-pseudoscience,,
83,2530,publish,حباب هیجان کوانتومی؛ چقدرش واقعی است؟,quantum-hype-bubble,https://qpedia.ir/quantum-hype-bubble/,2026-09-06 02:34:03,حفظ,حباب هیجان کوانتومی؛ چقدرش واقعی است؟,کوانتوم در علم، فناوری و جامعه,تاریخ، آموزش و جامعه کوانتومی,سواد علمی و تشخیص شبه‌علم,scientific-literacy-pseudoscience,,
84,2531,publish,آنیلینگ کوانتومی؛ چرا هزار کیوبیت یعنی هزار کیوبیت نیست,quantum-annealing-dwave,https://qpedia.ir/quantum-annealing-dwave/,2026-09-06 02:34:03,حفظ,آنیلینگ کوانتومی؛ چرا هزار کیوبیت یعنی هزار کیوبیت نیست,اطلاعات و فناوری کوانتومی,رایانش کوانتومی,سخت‌افزار و معماری رایانه کوانتومی,quantum-computing-hardware,,
85,2533,publish,پیوند جوزفسون؛ قلب تپندهٔ کامپیوتر کوانتومی,josephson-junction,https://qpedia.ir/josephson-junction/,2026-09-06 02:45:33,حفظ,پیوند جوزفسون؛ قلب تپندهٔ کامپیوتر کوانتومی,جهان کوانتومی و ساختار ماده,ماده چگال و مواد کوانتومی,ابررسانایی و پیوند جوزفسون,superconductivity-josephson,,
86,2534,publish,ناوبری کوانتومی؛ مسیریابی بدون ماهواره,quantum-navigation,https://qpedia.ir/quantum-navigation/,2026-09-06 02:45:33,حفظ,ناوبری کوانتومی؛ مسیریابی بدون ماهواره,کوانتوم در علم، فناوری و جامعه,اندازه‌گیری، حسگرها و فناوری‌های کوانتومی,زمان‌سنجی، ساعت اتمی و ناوبری,atomic-clocks-navigation,,
87,2535,publish,پارادوکس دوست ویگنر؛ آیا واقعیت برای همه یکی است؟,wigner-friend,https://qpedia.ir/wigner-friend/,2026-09-06 02:45:33,حفظ,پارادوکس دوست ویگنر؛ آیا واقعیت برای همه یکی است؟,دانش بنیادی کوانتوم,تفسیرها، فلسفه و مرزهای واقعیت,پارادوکس‌ها و آزمایش‌های فکری,quantum-paradoxes-thought-experiments,,
88,2536,publish,جاودانگی کوانتومی؛ کجای این استدلال می لنگد؟,quantum-immortality,https://qpedia.ir/quantum-immortality/,2026-09-06 02:45:33,حفظ,جاودانگی کوانتومی؛ کجای این استدلال می لنگد؟,دانش بنیادی کوانتوم,تفسیرها، فلسفه و مرزهای واقعیت,زمان، اختیار و آگاهی,time-free-will-consciousness,,
89,2537,publish,آیا جهان یک شبیه سازی است؟ نقد سه استدلال کوانتومی,simulation-hypothesis-quantum,https://qpedia.ir/simulation-hypothesis-quantum/,2026-09-06 02:45:33,حفظ,آیا جهان یک شبیه سازی است؟ نقد سه استدلال کوانتومی,دانش بنیادی کوانتوم,تفسیرها، فلسفه و مرزهای واقعیت,چندجهانی و فرضیه‌های واقعیت,multiverse-reality-hypotheses,,
90,2741,publish,گلوئون و بوزون W و Z؛ چسب هسته و واپاشی,gluon-w-z-bosons,https://qpedia.ir/gluon-w-z-bosons/,2026-09-09 16:00:31,حفظ,گلوئون و بوزون W و Z؛ چسب هسته و واپاشی,دانش بنیادی کوانتوم,ذرات، میدان‌ها و فیزیک هسته‌ای,ذرات بنیادی و مدل استاندارد,elementary-particles-standard-model,,
91,2742,publish,میون و تاو؛ پسرعموهای سنگین الکترون,muon-and-tau,https://qpedia.ir/muon-and-tau/,2026-09-10 07:28:40,حفظ,میون و تاو؛ پسرعموهای سنگین الکترون,دانش بنیادی کوانتوم,ذرات، میدان‌ها و فیزیک هسته‌ای,ذرات بنیادی و مدل استاندارد,elementary-particles-standard-model,,
92,2744,publish,تونل زنی در میتوکندری؛ الکترون یا پروتون؟,mitochondria-proton-tunneling,https://qpedia.ir/mitochondria-proton-tunneling/,2026-09-14 20:00:35,حفظ,تونل زنی در میتوکندری؛ الکترون یا پروتون؟,کوانتوم در علم، فناوری و جامعه,شیمی، زیست‌شناسی و پزشکی کوانتومی,زیست‌شناسی کوانتومی,quantum-biology,,
93,2745,publish,حافظه بلندمدت مغز کوانتومی است؟,quantum-long-term-memory,https://qpedia.ir/quantum-long-term-memory/,2026-09-09 09:53:07,حفظ,حافظه بلندمدت مغز کوانتومی است؟,کوانتوم در علم، فناوری و جامعه,شیمی، زیست‌شناسی و پزشکی کوانتومی,مغز، آگاهی و علوم اعصاب,quantum-brain-neuroscience,,
94,2746,publish,آنزیم های ترمیم DNA؛ جهش آخر خط نیست,dna-repair-enzymes,https://qpedia.ir/dna-repair-enzymes/,2026-09-14 20:00:35,حفظ,آنزیم های ترمیم DNA؛ جهش آخر خط نیست,کوانتوم در علم، فناوری و جامعه,شیمی، زیست‌شناسی و پزشکی کوانتومی,زیست‌شناسی کوانتومی,quantum-biology,,
95,2747,publish,نوبل فیزیک ۲۰۱۲؛ یک ذره را گرفتند و نکشتند,nobel-physics-2012,https://qpedia.ir/nobel-physics-2012/,2026-09-14 20:00:35,حفظ,نوبل فیزیک ۲۰۱۲؛ یک ذره را گرفتند و نکشتند,کوانتوم در علم، فناوری و جامعه,تاریخ، آموزش و جامعه کوانتومی,دانشمندان، زندگی‌نامه‌ها و جایزه‌ها,quantum-scientists-biographies-awards,,
96,2748,publish,نوبل فیزیک ۲۰۲۲؛ درهم تنیدگی دیگر فلسفه نیست,nobel-physics-2022,https://qpedia.ir/nobel-physics-2022/,2026-09-14 20:00:35,حفظ,نوبل فیزیک ۲۰۲۲؛ درهم تنیدگی دیگر فلسفه نیست,کوانتوم در علم، فناوری و جامعه,تاریخ، آموزش و جامعه کوانتومی,دانشمندان، زندگی‌نامه‌ها و جایزه‌ها,quantum-scientists-biographies-awards,,
97,2749,publish,آزمایش بل بدون حفره ۲۰۱۵ چه بود؟,loophole-free-bell-test,https://qpedia.ir/loophole-free-bell-test/,2026-09-14 20:00:35,حفظ,آزمایش بل بدون حفره ۲۰۱۵ چه بود؟,کوانتوم در علم، فناوری و جامعه,تاریخ، آموزش و جامعه کوانتومی,آزمایش‌ها و رویدادهای تاریخی,quantum-historical-experiments-events,,
98,2750,publish,انتخاب تأخیری ویلر؛ فوتون از قبل تصمیم نگرفته,wheeler-delayed-choice,https://qpedia.ir/wheeler-delayed-choice/,2026-09-14 20:00:35,حفظ,انتخاب تأخیری ویلر؛ فوتون از قبل تصمیم نگرفته,کوانتوم در علم، فناوری و جامعه,تاریخ، آموزش و جامعه کوانتومی,آزمایش‌ها و رویدادهای تاریخی,quantum-historical-experiments-events,,
99,2752,publish,سه جور کیوبیت؛ ابررسانا، یون و فوتون,qubit-types-compared,https://qpedia.ir/qubit-types-compared/,2026-09-14 20:00:35,اصلاح عنوان,سه گونه کیوبیت؛ ابررسانا، یون به‌دام‌افتاده و فوتون,اطلاعات و فناوری کوانتومی,رایانش کوانتومی,کیوبیت، گیت و مدار کوانتومی,qubits-gates-circuits,,اصلاح علمی عنوان؛ موضوع مقاله حفظ می‌شود.
100,2753,publish,ریپیتر کوانتومی؛ چاپارخانهٔ درهم تنیدگی,quantum-repeater,https://qpedia.ir/quantum-repeater/,2026-09-14 20:00:35,حفظ,ریپیتر کوانتومی؛ چاپارخانهٔ درهم تنیدگی,اطلاعات و فناوری کوانتومی,ارتباطات، شبکه و امنیت کوانتومی,شبکه، ریپیتر و اینترنت کوانتومی,quantum-networks-repeaters-internet,,
101,2754,publish,پروتکل BB84؛ قفل با فوتون نه با عدد سخت,bb84-protocol,https://qpedia.ir/bb84-protocol/,2026-09-14 20:00:35,حفظ,پروتکل BB84؛ قفل با فوتون نه با عدد سخت,اطلاعات و فناوری کوانتومی,ارتباطات، شبکه و امنیت کوانتومی,رمزنگاری و توزیع کلید کوانتومی,quantum-cryptography-qkd,,
102,2755,publish,محاسبه با اندازه گیری؛ کامپیوتر یک طرفه,measurement-based-quantum-computing,https://qpedia.ir/measurement-based-quantum-computing/,2026-09-14 20:00:35,حفظ,محاسبه با اندازه گیری؛ کامپیوتر یک طرفه,اطلاعات و فناوری کوانتومی,رایانش کوانتومی,کیوبیت، گیت و مدار کوانتومی,qubits-gates-circuits,,
103,2756,publish,الگوریتم HHL؛ حل معادله با قید ریز چاپ,hhl-algorithm,https://qpedia.ir/hhl-algorithm/,2026-09-14 20:00:35,حفظ,الگوریتم HHL؛ حل معادله با قید ریز چاپ,اطلاعات و فناوری کوانتومی,رایانش کوانتومی,الگوریتم‌های کوانتومی,quantum-algorithms,,
104,2757,publish,اثر آهارونوف-بوهم؛ فاز بدون میدان محلی,aharonov-bohm-effect,https://qpedia.ir/aharonov-bohm-effect/,2026-09-14 20:00:35,حفظ,اثر آهارونوف-بوهم؛ فاز بدون میدان محلی,دانش بنیادی کوانتوم,مبانی فیزیک کوانتومی,اثرها و پدیده‌های کوانتومی,quantum-effects-phenomena,,
105,2758,publish,شکاف لمب؛ دو تراز که نباید جدا می شدند,lamb-shift,https://qpedia.ir/lamb-shift/,2026-09-14 20:00:35,حفظ,شکاف لمب؛ دو تراز که نباید جدا می شدند,دانش بنیادی کوانتوم,مبانی فیزیک کوانتومی,اثرها و پدیده‌های کوانتومی,quantum-effects-phenomena,,
106,2759,publish,ابررسانایی توپولوژیک؛ زوج با گره در لبه,topological-superconductivity,https://qpedia.ir/topological-superconductivity/,2026-09-14 20:00:35,حفظ,ابررسانایی توپولوژیک؛ زوج با گره در لبه,جهان کوانتومی و ساختار ماده,ماده چگال و مواد کوانتومی,ابررسانایی و پیوند جوزفسون,superconductivity-josephson,,
107,2761,publish,تفسیر تراکنشی,transactional-interpretation,https://qpedia.ir/transactional-interpretation/,2026-09-14 20:00:35,حفظ,تفسیر تراکنشی,دانش بنیادی کوانتوم,تفسیرها، فلسفه و مرزهای واقعیت,تفسیرهای مکانیک کوانتومی,quantum-interpretations,,
108,2762,publish,کیوبیسم؛ احتمال مال شماست نه مال جهان,qbism,https://qpedia.ir/qbism/,2026-09-14 20:00:35,حفظ,کیوبیسم؛ احتمال مال شماست نه مال جهان,دانش بنیادی کوانتوم,تفسیرها، فلسفه و مرزهای واقعیت,تفسیرهای مکانیک کوانتومی,quantum-interpretations,,
109,2763,publish,فروپاشی عینی؛ گربه بدون ناظر می میرد,objective-collapse,https://qpedia.ir/objective-collapse/,2026-09-14 20:00:35,حفظ,فروپاشی عینی؛ گربه بدون ناظر می میرد,دانش بنیادی کوانتوم,تفسیرها، فلسفه و مرزهای واقعیت,تفسیرهای مکانیک کوانتومی,quantum-interpretations,,
110,2764,publish,کریستال درمانی؛ سنگ شفا نمی دهد,crystal-healing-debunked,https://qpedia.ir/crystal-healing-debunked/,2026-09-14 20:00:35,حفظ,کریستال درمانی؛ سنگ شفا نمی دهد,کوانتوم در علم، فناوری و جامعه,شیمی، زیست‌شناسی و پزشکی کوانتومی,ادعاهای درمانی و شبه‌علم پزشکی,quantum-medical-pseudoscience,,
111,2765,publish,هوش مصنوعی کوانتومی؛ بیشترش برچسب است,quantum-ai-marketing-hype,https://qpedia.ir/quantum-ai-marketing-hype/,2026-09-14 20:00:35,حفظ,هوش مصنوعی کوانتومی؛ بیشترش برچسب است,اطلاعات و فناوری کوانتومی,هوش مصنوعی و یادگیری ماشین کوانتومی,کاربردها، محدودیت‌ها و ادعاهای هوش مصنوعی,quantum-ai-applications-limitations-claims,,
112,2832,publish,هایزنبرگ؛ نابغه ای که جنگ او را به دو نیم کرد,heisenberg-ww2,https://qpedia.ir/heisenberg-ww2/,2026-09-15 05:32:33,حفظ,هایزنبرگ؛ نابغه ای که جنگ او را به دو نیم کرد,کوانتوم در علم، فناوری و جامعه,تاریخ، آموزش و جامعه کوانتومی,دانشمندان، زندگی‌نامه‌ها و جایزه‌ها,quantum-scientists-biographies-awards,,
113,2835,publish,ماکس بورن و تفسیر احتمالاتی؛ مربع تابع موج چه می گوید؟,born-probability,https://qpedia.ir/born-probability/,2026-09-15 05:33:29,حفظ,ماکس بورن و تفسیر احتمالاتی؛ مربع تابع موج چه می گوید؟,دانش بنیادی کوانتوم,مبانی فیزیک کوانتومی,حالت کوانتومی و تابع موج,quantum-states-wave-function,,
114,2838,publish,پاولی و اصل طرد؛ چرا دو الکترون مثل هم در یک «اتاق» نمی مانند؟,pauli-exclusion,https://qpedia.ir/pauli-exclusion/,2026-09-15 05:32:02,حذف/ادغام,پاولی و اصل طرد؛ چرا دو الکترون مثل هم در یک «اتاق» نمی مانند؟,,,,,126,موضوع و دامنه با «اصل طرد پاولی دقیقاً چه می‌گوید؟» یکسان است.
115,2841,publish,اینشتین و شرودینگر؛ دو دوست که با کوانتوم در افتادند,einstein-schrodinger-reality,https://qpedia.ir/einstein-schrodinger-reality/,2026-09-15 05:32:59,حفظ,اینشتین و شرودینگر؛ دو دوست که با کوانتوم در افتادند,دانش بنیادی کوانتوم,تفسیرها، فلسفه و مرزهای واقعیت,واقعیت، علیت و مسئله ناظر,reality-causality-observer,,
116,2844,publish,تفسیر GRW یا فروپاشی خودبه خودی,grw-collapse,https://qpedia.ir/grw-collapse/,2026-09-15 05:30:35,حفظ,تفسیر GRW یا فروپاشی خودبه خودی,دانش بنیادی کوانتوم,تفسیرها، فلسفه و مرزهای واقعیت,تفسیرهای مکانیک کوانتومی,quantum-interpretations,,
117,2851,publish,رئالیسم کوانتومی,quantum-realism,https://qpedia.ir/quantum-realism/,2026-09-15 05:40:06,حفظ,رئالیسم کوانتومی,دانش بنیادی کوانتوم,تفسیرها، فلسفه و مرزهای واقعیت,تفسیرهای مکانیک کوانتومی,quantum-interpretations,,
118,2859,publish,تاریخ صد ساله فیزیک کوانتوم,quantum-history,https://qpedia.ir/quantum-history/,2026-09-15 05:34:36,حفظ,تاریخ صد ساله فیزیک کوانتوم,کوانتوم در علم، فناوری و جامعه,تاریخ، آموزش و جامعه کوانتومی,آزمایش‌ها و رویدادهای تاریخی,quantum-historical-experiments-events,,
119,2862,publish,حافظه کوانتومی,quantum-memory,https://qpedia.ir/quantum-memory/,2026-09-15 05:37:24,حفظ,حافظه کوانتومی,اطلاعات و فناوری کوانتومی,ارتباطات، شبکه و امنیت کوانتومی,شبکه، ریپیتر و اینترنت کوانتومی,quantum-networks-repeaters-internet,,
120,2866,publish,مایکروسافت و کیوبیت های توپولوژیک مایورانا,majorana-topological,https://qpedia.ir/majorana-topological/,2026-09-15 05:39:06,حفظ,مایکروسافت و کیوبیت های توپولوژیک مایورانا,اطلاعات و فناوری کوانتومی,رایانش کوانتومی,سخت‌افزار و معماری رایانه کوانتومی,quantum-computing-hardware,,
121,301,publish,گربهٔ شرودینگر,schrodinger-cat,https://qpedia.ir/schrodinger-cat/,2026-08-23 00:29:03,اصلاح عنوان,گربه شرودینگر؛ آزمایش فکری درباره اندازه‌گیری کوانتومی,دانش بنیادی کوانتوم,تفسیرها، فلسفه و مرزهای واقعیت,پارادوکس‌ها و آزمایش‌های فکری,quantum-paradoxes-thought-experiments,,اصلاح علمی عنوان؛ موضوع مقاله حفظ می‌شود.
122,318,publish,قطب‌نمای پرندگان,bird-quantum-compass,https://qpedia.ir/bird-quantum-compass/,2026-09-03 03:18:13,حفظ,قطب‌نمای پرندگان,کوانتوم در علم، فناوری و جامعه,شیمی، زیست‌شناسی و پزشکی کوانتومی,زیست‌شناسی کوانتومی,quantum-biology,,
123,319,publish,حس بویایی؛ شکل یا ارتعاش؟,quantum-smell,https://qpedia.ir/quantum-smell/,2026-09-03 03:19:19,حفظ,حس بویایی؛ شکل یا ارتعاش؟,کوانتوم در علم، فناوری و جامعه,شیمی، زیست‌شناسی و پزشکی کوانتومی,زیست‌شناسی کوانتومی,quantum-biology,,
124,504,publish,فوتون دقیقا چیست ؟,photon,https://qpedia.ir/photon/,2026-09-03 03:16:46,حفظ,فوتون دقیقا چیست ؟,دانش بنیادی کوانتوم,ذرات، میدان‌ها و فیزیک هسته‌ای,ذرات بنیادی و مدل استاندارد,elementary-particles-standard-model,,
125,505,publish,الکترون چیست؟ ویژگی‌ها، نقش در اتم و برق,electron,https://qpedia.ir/electron/,2026-09-03 03:16:13,حفظ,الکترون چیست؟ ویژگی‌ها، نقش در اتم و برق,دانش بنیادی کوانتوم,ذرات، میدان‌ها و فیزیک هسته‌ای,ذرات بنیادی و مدل استاندارد,elementary-particles-standard-model,,
126,509,publish,اصل طرد پاولی دقیقاً چه می‌گوید؟ به زبان ساده,pauli-exclusion-principle,https://qpedia.ir/pauli-exclusion-principle/,2026-09-03 03:15:23,حفظ,اصل طرد پاولی دقیقاً چه می‌گوید؟ به زبان ساده,دانش بنیادی کوانتوم,مبانی فیزیک کوانتومی,مفاهیم و کمیت‌های پایه,basic-quantum-concepts,,
127,512,publish,رمزنگاری کوانتومی و آیندهٔ امنیت اینترنت,quantum-cryptography-internet-security,https://qpedia.ir/quantum-cryptography-internet-security/,2026-09-03 03:11:54,حفظ,رمزنگاری کوانتومی و آیندهٔ امنیت اینترنت,اطلاعات و فناوری کوانتومی,ارتباطات، شبکه و امنیت کوانتومی,رمزنگاری و توزیع کلید کوانتومی,quantum-cryptography-qkd,,
128,551,publish,آیا با فکر کردن می توان واقعیت کوانتومی را تغییر داد؟,mind-quantum-reality,https://qpedia.ir/mind-quantum-reality/,2026-09-03 03:08:45,حفظ,آیا با فکر کردن می توان واقعیت کوانتومی را تغییر داد؟,کوانتوم در علم، فناوری و جامعه,تاریخ، آموزش و جامعه کوانتومی,سواد علمی و تشخیص شبه‌علم,scientific-literacy-pseudoscience,,
129,553,publish,آزمایش های بل: چگونه درهم تنیدگی اثبات شد!,bell-experiments,https://qpedia.ir/bell-experiments/,2026-09-03 03:05:05,اصلاح عنوان,آزمایش‌های بل؛ شواهد تجربی علیه واقع‌گرایی موضعی,کوانتوم در علم، فناوری و جامعه,تاریخ، آموزش و جامعه کوانتومی,آزمایش‌ها و رویدادهای تاریخی,quantum-historical-experiments-events,,اصلاح علمی عنوان؛ موضوع مقاله حفظ می‌شود.
130,560,publish,آیا فیزیک کلاسیک اشتباه بود؟ نه، محدود بود,is-classical-physics-wrong,https://qpedia.ir/is-classical-physics-wrong/,2026-09-03 02:46:34,حفظ,آیا فیزیک کلاسیک اشتباه بود؟ نه، محدود بود,دانش بنیادی کوانتوم,مبانی فیزیک کوانتومی,مفاهیم و کمیت‌های پایه,basic-quantum-concepts,,
131,561,publish,آیا فیزیک دانان بر سر معنای اندازه گیری توافق دارند؟,quantum-interpretation-debate,https://qpedia.ir/quantum-interpretation-debate/,2026-09-03 02:45:45,حفظ,آیا فیزیک دانان بر سر معنای اندازه گیری توافق دارند؟,دانش بنیادی کوانتوم,تفسیرها، فلسفه و مرزهای واقعیت,تفسیرهای مکانیک کوانتومی,quantum-interpretations,,
132,563,publish,آیا هوش مصنوعی از کوانتوم استفاده می کند؟,does-ai-use-quantum,https://qpedia.ir/does-ai-use-quantum/,2026-09-03 02:50:33,حفظ,آیا هوش مصنوعی از کوانتوم استفاده می کند؟,اطلاعات و فناوری کوانتومی,هوش مصنوعی و یادگیری ماشین کوانتومی,کاربردها، محدودیت‌ها و ادعاهای هوش مصنوعی,quantum-ai-applications-limitations-claims,,
133,565,publish,آیا کوانتوم یعنی چندجهانی واقعی است؟,is-many-worlds-real,https://qpedia.ir/is-many-worlds-real/,2026-09-03 02:52:30,حفظ,آیا کوانتوم یعنی چندجهانی واقعی است؟,دانش بنیادی کوانتوم,تفسیرها، فلسفه و مرزهای واقعیت,واقعیت، علیت و مسئله ناظر,reality-causality-observer,,
134,566,publish,آینده شغلی: آیا باید فیزیک کوانتوم یاد بگیریم؟,quantum-career-future-learn,https://qpedia.ir/quantum-career-future-learn/,2026-09-01 09:01:13,حفظ,آینده شغلی: آیا باید فیزیک کوانتوم یاد بگیریم؟,کوانتوم در علم، فناوری و جامعه,تاریخ، آموزش و جامعه کوانتومی,آموزش، منابع و مسیر یادگیری,quantum-learning-resources,,
135,567,publish,اصل عدم قطعیت هایزنبرگ به زبان ساده,heisenberg-uncertainty-principle,https://qpedia.ir/heisenberg-uncertainty-principle/,2026-09-01 09:01:13,حفظ,اصل عدم قطعیت هایزنبرگ به زبان ساده,دانش بنیادی کوانتوم,مبانی فیزیک کوانتومی,مفاهیم و کمیت‌های پایه,basic-quantum-concepts,,
136,569,publish,برهم نهی چیست؟ وقتی یک ذره «هم این است هم آن»,superposition-explained,https://qpedia.ir/superposition-explained/,2026-09-03 03:01:36,حذف/ادغام,برهم نهی چیست؟ وقتی یک ذره «هم این است هم آن»,,,,,2,موضوع و دامنه با مقاله «برهم‌نهی کوانتومی» یکسان است.
137,570,publish,برهم نهی یعنی چه، و چرا اشیای بزرگ برهم نهی نمی شوند,why-large-objects-dont-superpose,https://qpedia.ir/why-large-objects-dont-superpose/,2026-09-03 02:48:36,حفظ,برهم نهی یعنی چه، و چرا اشیای بزرگ برهم نهی نمی شوند,دانش بنیادی کوانتوم,مبانی فیزیک کوانتومی,برهم‌نهی، درهم‌تنیدگی و همدوسی,superposition-entanglement-coherence,,
138,571,publish,تفاوت جبرگرایی کلاسیک و احتمال کوانتومی,determinism-vs-probability,https://qpedia.ir/determinism-vs-probability/,2026-09-03 02:58:03,حفظ,تفاوت جبرگرایی کلاسیک و احتمال کوانتومی,دانش بنیادی کوانتوم,مبانی فیزیک کوانتومی,مفاهیم و کمیت‌های پایه,basic-quantum-concepts,,
139,2873,publish,نیلز بور و اصل تکمیل؛ چرا یک چیز هم موج است هم ذره؟,bohr-complementarity,https://qpedia.ir/bohr-complementarity/,2026-09-15 05:27:49,حفظ,نیلز بور و اصل تکمیل؛ چرا یک چیز هم موج است هم ذره؟,دانش بنیادی کوانتوم,مبانی فیزیک کوانتومی,مفاهیم و کمیت‌های پایه,basic-quantum-concepts,,
140,3569,publish,قضیهٔ نوسان کوانتومی؛ قانون دوم در مقیاس تک‌رویداد,quantum-fluctuation-theorem,https://qpedia.ir/quantum-fluctuation-theorem/,2026-09-21 04:51:54,حفظ,قضیهٔ نوسان کوانتومی؛ قانون دوم در مقیاس تک‌رویداد,دانش بنیادی کوانتوم,مبانی فیزیک کوانتومی,اثرها و پدیده‌های کوانتومی,quantum-effects-phenomena,,
141,572,publish,تفاوت فیزیک کوانتوم و مکانیک کوانتومی چیست؟,quantum-physics-vs-quantum-mechanics,https://qpedia.ir/quantum-physics-vs-quantum-mechanics/,2026-09-01 09:01:13,حفظ,تفاوت فیزیک کوانتوم و مکانیک کوانتومی چیست؟,دانش بنیادی کوانتوم,مبانی فیزیک کوانتومی,مفاهیم و کمیت‌های پایه,basic-quantum-concepts,,
142,573,publish,تمثیل تاس در مقابل تمثیل سکه: کدام برای عدم قطعیت بهتر است؟,coin-vs-dice-quantum-uncertainty,https://qpedia.ir/coin-vs-dice-quantum-uncertainty/,2026-09-01 09:01:13,حفظ,تمثیل تاس در مقابل تمثیل سکه: کدام برای عدم قطعیت بهتر است؟,دانش بنیادی کوانتوم,مبانی فیزیک کوانتومی,اندازه‌گیری، احتمال و عدم‌قطعیت,measurement-probability-uncertainty,,
143,574,publish,تمرین ذهنی: خودتان یک تمثیل بسازید و مرزش را پیدا کنید,quantum-analogy-exercise-boundary,https://qpedia.ir/quantum-analogy-exercise-boundary/,2026-09-01 09:01:13,حفظ,تمرین ذهنی: خودتان یک تمثیل بسازید و مرزش را پیدا کنید,کوانتوم در علم، فناوری و جامعه,تاریخ، آموزش و جامعه کوانتومی,آموزش، منابع و مسیر یادگیری,quantum-learning-resources,,
144,575,publish,چرا «نفهمیدنِ درست» کوانتوم، خودش یک دستاورد است؟,quantum-understanding-achievement,https://qpedia.ir/quantum-understanding-achievement/,2026-09-03 03:02:34,حفظ,چرا «نفهمیدنِ درست» کوانتوم، خودش یک دستاورد است؟,کوانتوم در علم، فناوری و جامعه,تاریخ، آموزش و جامعه کوانتومی,آموزش، منابع و مسیر یادگیری,quantum-learning-resources,,
145,2226,publish,عدد کوانتومی چیست؟,quantum-number,https://qpedia.ir/quantum-number/,2026-09-03 19:25:19,حفظ,عدد کوانتومی چیست؟,دانش بنیادی کوانتوم,مبانی فیزیک کوانتومی,مفاهیم و کمیت‌های پایه,basic-quantum-concepts,,
146,2227,publish,ناظر در کوانتوم چیست؟,observer,https://qpedia.ir/observer/,2026-09-03 20:31:16,حفظ,ناظر در کوانتوم چیست؟,دانش بنیادی کوانتوم,مبانی فیزیک کوانتومی,اندازه‌گیری، احتمال و عدم‌قطعیت,measurement-probability-uncertainty,,
147,2228,publish,اصل مکملیت چیست؟,complementarity-principle,https://qpedia.ir/complementarity-principle/,2026-09-03 20:31:16,حفظ,اصل مکملیت چیست؟,دانش بنیادی کوانتوم,مبانی فیزیک کوانتومی,مفاهیم و کمیت‌های پایه,basic-quantum-concepts,,
148,2230,publish,نوترینو چیست؟,neutrino,https://qpedia.ir/neutrino/,2026-09-03 20:31:16,حفظ,نوترینو چیست؟,دانش بنیادی کوانتوم,ذرات، میدان‌ها و فیزیک هسته‌ای,ذرات بنیادی و مدل استاندارد,elementary-particles-standard-model,,
149,2233,publish,مدل استاندارد چیست؟,standard-model,https://qpedia.ir/standard-model/,2026-09-03 20:31:16,حفظ,مدل استاندارد چیست؟,دانش بنیادی کوانتوم,ذرات، میدان‌ها و فیزیک هسته‌ای,ذرات بنیادی و مدل استاندارد,elementary-particles-standard-model,,
150,2234,publish,ذرات مجازی چیستند؟,virtual-particles,https://qpedia.ir/virtual-particles/,2026-09-03 20:33:07,حفظ,ذرات مجازی چیستند؟,دانش بنیادی کوانتوم,مبانی فیزیک کوانتومی,اثرها و پدیده‌های کوانتومی,quantum-effects-phenomena,,
151,2237,publish,مقالهٔ EPR چیست؟,epr-paradox,https://qpedia.ir/epr-paradox/,2026-09-03 20:33:07,حفظ,مقالهٔ EPR چیست؟,کوانتوم در علم، فناوری و جامعه,تاریخ، آموزش و جامعه کوانتومی,آزمایش‌ها و رویدادهای تاریخی,quantum-historical-experiments-events,,
152,2238,publish,آزمایش اشترن-گرلاخ چیست؟,stern-gerlach-experiment,https://qpedia.ir/stern-gerlach-experiment/,2026-09-03 20:33:07,حفظ,آزمایش اشترن-گرلاخ چیست؟,کوانتوم در علم، فناوری و جامعه,تاریخ، آموزش و جامعه کوانتومی,آزمایش‌ها و رویدادهای تاریخی,quantum-historical-experiments-events,,
153,2247,publish,حافظهٔ فلش چطور کار می‌کند؟,flash-memory,https://qpedia.ir/flash-memory/,2026-09-03 20:31:16,حفظ,حافظهٔ فلش چطور کار می‌کند؟,کوانتوم در علم، فناوری و جامعه,اندازه‌گیری، حسگرها و فناوری‌های کوانتومی,الکترونیک و فناوری‌های روزمره,quantum-electronics-everyday-technology,,
154,2248,publish,میکروسکوپ تونلی چیست؟,scanning-tunneling-microscope,https://qpedia.ir/scanning-tunneling-microscope/,2026-09-03 20:31:16,حفظ,میکروسکوپ تونلی چیست؟,کوانتوم در علم، فناوری و جامعه,اندازه‌گیری، حسگرها و فناوری‌های کوانتومی,الکترونیک و فناوری‌های روزمره,quantum-electronics-everyday-technology,,
155,2249,publish,فیبر نوری چگونه کار می‌کند؟,fiber-optics,https://qpedia.ir/fiber-optics/,2026-09-03 20:31:16,حفظ,فیبر نوری چگونه کار می‌کند؟,کوانتوم در علم، فناوری و جامعه,اندازه‌گیری، حسگرها و فناوری‌های کوانتومی,الکترونیک و فناوری‌های روزمره,quantum-electronics-everyday-technology,,
156,2250,publish,برتری کوانتومی چیست؟,quantum-supremacy,https://qpedia.ir/quantum-supremacy/,2026-09-03 20:29:48,اصلاح عنوان,مزیت کوانتومی چیست؟ تفاوت آن با برتری مطلق رایانه‌ها,اطلاعات و فناوری کوانتومی,رایانش کوانتومی,سخت‌افزار و معماری رایانه کوانتومی,quantum-computing-hardware,,اصلاح علمی عنوان؛ موضوع مقاله حفظ می‌شود.
157,2251,publish,الگوریتم شور چیست؟,shor-algorithm,https://qpedia.ir/shor-algorithm/,2026-09-03 20:29:57,حفظ,الگوریتم شور چیست؟,اطلاعات و فناوری کوانتومی,رایانش کوانتومی,الگوریتم‌های کوانتومی,quantum-algorithms,,
158,2259,publish,تفسیر دوبروی-بوهم چیست؟,pilot-wave,https://qpedia.ir/pilot-wave/,2026-09-03 20:31:16,حفظ,تفسیر دوبروی-بوهم چیست؟,دانش بنیادی کوانتوم,تفسیرها، فلسفه و مرزهای واقعیت,تفسیرهای مکانیک کوانتومی,quantum-interpretations,,
159,2260,publish,آیا جهش ژنتیکی کوانتومی است؟,genetic-mutation,https://qpedia.ir/genetic-mutation/,2026-09-03 20:31:16,حفظ,آیا جهش ژنتیکی کوانتومی است؟,کوانتوم در علم، فناوری و جامعه,شیمی، زیست‌شناسی و پزشکی کوانتومی,زیست‌شناسی کوانتومی,quantum-biology,,
160,2743,publish,پروتون از چه ساخته شده؟ کوارک کافی نیست,proton-neutron-quark-structure,https://qpedia.ir/proton-neutron-quark-structure/,2026-09-10 16:19:07,حفظ,پروتون از چه ساخته شده؟ کوارک کافی نیست,دانش بنیادی کوانتوم,ذرات، میدان‌ها و فیزیک هسته‌ای,کوارک‌ها، هادرون‌ها و نیروی قوی,quarks-hadrons-strong-force,,
161,2751,publish,کامپیوتر توپولوژیک؛ گره ای که خطا را نمی بیند,topological-quantum-computing,https://qpedia.ir/topological-quantum-computing/,2026-09-09 18:02:10,حفظ,کامپیوتر توپولوژیک؛ گره ای که خطا را نمی بیند,اطلاعات و فناوری کوانتومی,رایانش کوانتومی,سخت‌افزار و معماری رایانه کوانتومی,quantum-computing-hardware,,
162,2870,publish,شیمی محاسباتی کوانتومی و کشف دارو,quantum-chemistry-drug-discovery,https://qpedia.ir/quantum-chemistry-drug-discovery/,2026-09-15 05:25:23,حفظ,شیمی محاسباتی کوانتومی و کشف دارو,کوانتوم در علم، فناوری و جامعه,شیمی، زیست‌شناسی و پزشکی کوانتومی,شیمی کوانتومی و ساختار مولکولی,quantum-chemistry-molecular-structure,,
163,3307,publish,دوران NISQ و محدودیت‌های رایانه‌های کوانتومی کنونی,nisq-era,https://qpedia.ir/nisq-era/,2026-09-19 15:41:41,حفظ,دوران NISQ و محدودیت‌های رایانه‌های کوانتومی کنونی,اطلاعات و فناوری کوانتومی,رایانش کوانتومی,سخت‌افزار و معماری رایانه کوانتومی,quantum-computing-hardware,,
164,3319,publish,تصویربرداری کوانتومی در تاریکی؛ چگونه هدف پنهان در نویز را پیدا کنیم؟,quantum-illumination,https://qpedia.ir/quantum-illumination/,2026-09-20 02:05:56,اصلاح عنوان,روشن‌سازی کوانتومی؛ تشخیص هدف در محیط پرنویز,جهان کوانتومی و ساختار ماده,اپتیک کوانتومی و فوتونیک,تصویربرداری، میکروسکوپی و لیتوگرافی,quantum-imaging-microscopy-lithography,,اصلاح علمی عنوان؛ موضوع مقاله حفظ می‌شود.
165,3321,publish,لیدار کوانتومی چیست و چگونه فاصله را با فوتون‌ها اندازه می‌گیرد؟,quantum-lidar,https://qpedia.ir/quantum-lidar/,2026-09-21 09:14:55,حفظ,لیدار کوانتومی چیست و چگونه فاصله را با فوتون‌ها اندازه می‌گیرد؟,کوانتوم در علم، فناوری و جامعه,اندازه‌گیری، حسگرها و فناوری‌های کوانتومی,رادار، لیدار و سنجش نوری,quantum-radar-lidar-optical-sensing,,
166,3323,publish,چشمهٔ تک‌فوتون چیست و چرا ساخت یک فوتونِ مطمئن دشوار است؟,single-photon-source,https://qpedia.ir/single-photon-source/,2026-09-21 09:14:55,حفظ,چشمهٔ تک‌فوتون چیست و چرا ساخت یک فوتونِ مطمئن دشوار است؟,جهان کوانتومی و ساختار ماده,اپتیک کوانتومی و فوتونیک,منابع و حالت‌های نور کوانتومی,quantum-light-sources-states,,
167,3325,publish,چشمهٔ فوتون درهم‌تنیده چگونه جفت‌های کوانتومی تولید می‌کند؟,entangled-photon-source,https://qpedia.ir/entangled-photon-source/,2026-09-21 09:14:55,حفظ,چشمهٔ فوتون درهم‌تنیده چگونه جفت‌های کوانتومی تولید می‌کند؟,جهان کوانتومی و ساختار ماده,اپتیک کوانتومی و فوتونیک,منابع و حالت‌های نور کوانتومی,quantum-light-sources-states,,
168,3327,publish,تبدیل پارامتری خودبه‌خودی چیست؟ سازوکار SPDC برای تولید جفت‌فوتون,spontaneous-parametric-down-conversion,https://qpedia.ir/spontaneous-parametric-down-conversion/,2026-09-21 02:49:01,حفظ,تبدیل پارامتری خودبه‌خودی چیست؟ سازوکار SPDC برای تولید جفت‌فوتون,جهان کوانتومی و ساختار ماده,اپتیک کوانتومی و فوتونیک,لیزرها و اپتیک غیرخطی,lasers-nonlinear-optics,,
169,3330,publish,شمارش فوتون؛ از کلیک آشکارساز تا آمار نور,photon-counting,https://qpedia.ir/photon-counting/,2026-09-20 19:03:22,حفظ,شمارش فوتون؛ از کلیک آشکارساز تا آمار نور,جهان کوانتومی و ساختار ماده,اپتیک کوانتومی و فوتونیک,آشکارسازی و اندازه‌گیری نور,photon-detection-optical-measurement,,
170,3332,publish,انسداد فوتونی؛ وقتی یک فوتون راه فوتون بعدی را می‌بندد,photon-blockade,https://qpedia.ir/photon-blockade/,2026-09-21 09:14:54,حفظ,انسداد فوتونی؛ وقتی یک فوتون راه فوتون بعدی را می‌بندد,جهان کوانتومی و ساختار ماده,اپتیک کوانتومی و فوتونیک,منابع و حالت‌های نور کوانتومی,quantum-light-sources-states,,
171,3334,publish,نور کند؛ کنترل سرعت گروهی بدون کندشدن ثابت بنیادی نور,slow-light,https://qpedia.ir/slow-light/,2026-09-21 09:14:54,حفظ,نور کند؛ کنترل سرعت گروهی بدون کندشدن ثابت بنیادی نور,جهان کوانتومی و ساختار ماده,اپتیک کوانتومی و فوتونیک,نور، فوتون و برهم‌کنش نور و ماده,light-photons-light-matter,,
172,3336,publish,لیتوگرافی کوانتومی؛ الگودهی زیر حد رایلی و هزینهٔ واقعی آن,quantum-lithography,https://qpedia.ir/quantum-lithography/,2026-09-21 09:14:54,حفظ,لیتوگرافی کوانتومی؛ الگودهی زیر حد رایلی و هزینهٔ واقعی آن,جهان کوانتومی و ساختار ماده,اپتیک کوانتومی و فوتونیک,تصویربرداری، میکروسکوپی و لیتوگرافی,quantum-imaging-microscopy-lithography,,
173,3338,publish,ارتباط مستقیم امن کوانتومی؛ ارسال پیام بدون تولید کلید جداگانه,quantum-secure-direct-communication,https://qpedia.ir/quantum-secure-direct-communication/,2026-09-21 09:14:54,حفظ,ارتباط مستقیم امن کوانتومی؛ ارسال پیام بدون تولید کلید جداگانه,اطلاعات و فناوری کوانتومی,ارتباطات، شبکه و امنیت کوانتومی,رمزنگاری و توزیع کلید کوانتومی,quantum-cryptography-qkd,,
174,3340,publish,انگشت‌نگاری کوانتومی؛ مقایسه داده با پیام بسیار کوتاه,quantum-fingerprinting,https://qpedia.ir/quantum-fingerprinting/,2026-09-21 09:14:54,حفظ,انگشت‌نگاری کوانتومی؛ مقایسه داده با پیام بسیار کوتاه,اطلاعات و فناوری کوانتومی,ارتباطات، شبکه و امنیت کوانتومی,ارتباط و تله‌پورت کوانتومی,quantum-communication-teleportation,,
175,3342,publish,مزایده کوانتومی؛ پیشنهادهای درهم‌نهیده یا صرفاً یک مدل نظری؟,quantum-auction,https://qpedia.ir/quantum-auction/,2026-09-21 09:14:54,حفظ,مزایده کوانتومی؛ پیشنهادهای درهم‌نهیده یا صرفاً یک مدل نظری؟,اطلاعات و فناوری کوانتومی,ارتباطات، شبکه و امنیت کوانتومی,پروتکل‌های اعتماد و کاربردهای رمزنگاری,quantum-trust-cryptographic-protocols,,
176,3344,publish,FPGA کوانتومی؛ سخت‌افزار بازپیکربندی‌پذیر برای کنترل یا پردازش کوانتومی,quantum-fpga,https://qpedia.ir/quantum-fpga/,2026-09-21 09:14:54,حفظ,FPGA کوانتومی؛ سخت‌افزار بازپیکربندی‌پذیر برای کنترل یا پردازش کوانتومی,اطلاعات و فناوری کوانتومی,رایانش کوانتومی,سخت‌افزار و معماری رایانه کوانتومی,quantum-computing-hardware,,
177,3346,publish,الکترونیک سرد؛ کنترل رایانه کوانتومی در چند کلوین,cryogenic-electronics,https://qpedia.ir/cryogenic-electronics/,2026-09-21 09:14:54,حفظ,الکترونیک سرد؛ کنترل رایانه کوانتومی در چند کلوین,اطلاعات و فناوری کوانتومی,رایانش کوانتومی,سخت‌افزار و معماری رایانه کوانتومی,quantum-computing-hardware,,
178,3348,publish,یخچال رقیق‌سازی؛ چگونه به چند میلی‌کلوین می‌رسیم؟,dilution-refrigerator,https://qpedia.ir/dilution-refrigerator/,2026-09-21 09:14:54,حفظ,یخچال رقیق‌سازی؛ چگونه به چند میلی‌کلوین می‌رسیم؟,اطلاعات و فناوری کوانتومی,رایانش کوانتومی,سخت‌افزار و معماری رایانه کوانتومی,quantum-computing-hardware,,
179,3350,publish,دیمر کوانتومی؛ مدل پیوندهای تشدیدکننده در مادهٔ کوانتومی,quantum-dimer,https://qpedia.ir/quantum-dimer/,2026-09-21 09:14:54,حفظ,دیمر کوانتومی؛ مدل پیوندهای تشدیدکننده در مادهٔ کوانتومی,جهان کوانتومی و ساختار ماده,ماده چگال و مواد کوانتومی,مغناطیس و سامانه‌های اسپینی,quantum-magnetism-spin-systems,,
180,3352,publish,نانوسیم؛ وقتی سطح و کوانتش بر رسانش چیره می‌شوند,nanowire,https://qpedia.ir/nanowire/,2026-09-21 09:14:54,حفظ,نانوسیم؛ وقتی سطح و کوانتش بر رسانش چیره می‌شوند,جهان کوانتومی و ساختار ماده,ماده چگال و مواد کوانتومی,شبه‌ذرات و برانگیختگی‌های جمعی,quasiparticles-collective-excitations,,
181,3354,publish,گاز دوقطبی؛ مادهٔ کوانتومی با برهم‌کنش جهت‌دار و دوربرد,dipolar-gas,https://qpedia.ir/dipolar-gas/,2026-09-21 09:14:54,حفظ,گاز دوقطبی؛ مادهٔ کوانتومی با برهم‌کنش جهت‌دار و دوربرد,جهان کوانتومی و ساختار ماده,ماده چگال و مواد کوانتومی,ابرشارگی، چگالش و گازهای کوانتومی,superfluidity-condensates-quantum-gases,,
182,3356,publish,گاز فرمی؛ جهانی که اصل طرد شکل می‌دهد,fermi-gas,https://qpedia.ir/fermi-gas/,2026-09-21 09:14:54,حفظ,گاز فرمی؛ جهانی که اصل طرد شکل می‌دهد,جهان کوانتومی و ساختار ماده,ماده چگال و مواد کوانتومی,ابرشارگی، چگالش و گازهای کوانتومی,superfluidity-condensates-quantum-gases,,
183,3358,publish,قطرهٔ کوانتومی؛ مایعی رقیق که نوسان‌ها آن را نگه می‌دارند,quantum-droplet,https://qpedia.ir/quantum-droplet/,2026-09-21 09:14:54,حفظ,قطرهٔ کوانتومی؛ مایعی رقیق که نوسان‌ها آن را نگه می‌دارند,جهان کوانتومی و ساختار ماده,ماده چگال و مواد کوانتومی,ابرشارگی، چگالش و گازهای کوانتومی,superfluidity-condensates-quantum-gases,,
184,3360,publish,سالیتون؛ موجی که پس از برخورد شکل خود را حفظ می‌کند,soliton,https://qpedia.ir/soliton/,2026-09-21 09:14:54,حفظ,سالیتون؛ موجی که پس از برخورد شکل خود را حفظ می‌کند,جهان کوانتومی و ساختار ماده,ماده چگال و مواد کوانتومی,شبه‌ذرات و برانگیختگی‌های جمعی,quasiparticles-collective-excitations,,
185,3362,publish,اصل لانه‌کبوتری کوانتومی؛ آیا سه ذره می‌توانند بدون هم‌خانه‌شدن در دو جعبه باشند؟,quantum-pigeonhole,https://qpedia.ir/quantum-pigeonhole/,2026-09-21 02:51:11,حفظ,اصل لانه‌کبوتری کوانتومی؛ آیا سه ذره می‌توانند بدون هم‌خانه‌شدن در دو جعبه باشند؟,دانش بنیادی کوانتوم,تفسیرها، فلسفه و مرزهای واقعیت,پارادوکس‌ها و آزمایش‌های فکری,quantum-paradoxes-thought-experiments,,
186,3364,publish,سولیپسیسم کوانتومی؛ آیا مکانیک کوانتومی فقط تجربهٔ شخصی را واقعی می‌داند؟,quantum-solipsism,https://qpedia.ir/quantum-solipsism/,2026-09-21 09:14:54,حفظ,سولیپسیسم کوانتومی؛ آیا مکانیک کوانتومی فقط تجربهٔ شخصی را واقعی می‌داند؟,دانش بنیادی کوانتوم,تفسیرها، فلسفه و مرزهای واقعیت,زمان، اختیار و آگاهی,time-free-will-consciousness,,
187,3367,publish,واپاشی پروتون؛ جست‌وجوی فروپاشی یکی از پایدارترین ذرات جهان,proton-decay,https://qpedia.ir/proton-decay/,2026-09-21 09:14:54,حفظ,واپاشی پروتون؛ جست‌وجوی فروپاشی یکی از پایدارترین ذرات جهان,دانش بنیادی کوانتوم,ذرات، میدان‌ها و فیزیک هسته‌ای,کوارک‌ها، هادرون‌ها و نیروی قوی,quarks-hadrons-strong-force,,
188,3369,publish,اکسیون؛ ذره‌ای فرضی میان مسئلهٔ CP قوی و مادهٔ تاریک,axion,https://qpedia.ir/axion/,2026-09-20 22:59:42,حفظ,اکسیون؛ ذره‌ای فرضی میان مسئلهٔ CP قوی و مادهٔ تاریک,دانش بنیادی کوانتوم,ذرات، میدان‌ها و فیزیک هسته‌ای,پادماده، ماده تاریک و ذرات فرضی,antimatter-dark-matter-hypothetical-particles,,
189,3371,publish,ویمپ؛ نامزد مشهور مادهٔ تاریک که هنوز پنهان مانده است,wimp,https://qpedia.ir/wimp/,2026-09-20 23:00:01,حفظ,ویمپ؛ نامزد مشهور مادهٔ تاریک که هنوز پنهان مانده است,دانش بنیادی کوانتوم,ذرات، میدان‌ها و فیزیک هسته‌ای,پادماده، ماده تاریک و ذرات فرضی,antimatter-dark-matter-hypothetical-particles,,
190,3373,publish,انرژی تاریک و جهان کوانتومی؛ بحران کوچک‌ترین چگالی بزرگ فیزیک,dark-energy-quantum,https://qpedia.ir/dark-energy-quantum/,2026-09-20 23:00:16,حفظ,انرژی تاریک و جهان کوانتومی؛ بحران کوچک‌ترین چگالی بزرگ فیزیک,جهان کوانتومی و ساختار ماده,کیهان، گرانش و ترمودینامیک کوانتومی,کیهان‌شناسی و جهان آغازین,quantum-cosmology-early-universe,,
191,3375,publish,تورم کیهانی؛ جهش آغازین فضا و بذر ساختارهای جهان,cosmic-inflation,https://qpedia.ir/cosmic-inflation/,2026-09-21 09:14:54,حفظ,تورم کیهانی؛ جهش آغازین فضا و بذر ساختارهای جهان,جهان کوانتومی و ساختار ماده,کیهان، گرانش و ترمودینامیک کوانتومی,کیهان‌شناسی و جهان آغازین,quantum-cosmology-early-universe,,
192,3377,publish,تابش زمینهٔ کیهانی؛ قدیمی‌ترین نوری که می‌توانیم ببینیم,cosmic-microwave-background,https://qpedia.ir/cosmic-microwave-background/,2026-09-21 09:14:54,حفظ,تابش زمینهٔ کیهانی؛ قدیمی‌ترین نوری که می‌توانیم ببینیم,جهان کوانتومی و ساختار ماده,کیهان، گرانش و ترمودینامیک کوانتومی,کیهان‌شناسی و جهان آغازین,quantum-cosmology-early-universe,,
193,3379,publish,کرم‌چاله؛ میان‌بُر فضا–زمان میان ریاضیات و واقعیت,wormhole,https://qpedia.ir/wormhole/,2026-09-21 09:14:54,حفظ,کرم‌چاله؛ میان‌بُر فضا–زمان میان ریاضیات و واقعیت,جهان کوانتومی و ساختار ماده,کیهان، گرانش و ترمودینامیک کوانتومی,گرانش کوانتومی و فضا–زمان,quantum-gravity-spacetime,,
194,3381,publish,کیهان‌شناسی کوانتومی؛ وقتی خود جهان موضوع نظریه کوانتومی می‌شود,quantum-cosmology,https://qpedia.ir/quantum-cosmology/,2026-09-21 09:14:54,حفظ,کیهان‌شناسی کوانتومی؛ وقتی خود جهان موضوع نظریه کوانتومی می‌شود,جهان کوانتومی و ساختار ماده,کیهان، گرانش و ترمودینامیک کوانتومی,کیهان‌شناسی و جهان آغازین,quantum-cosmology-early-universe,,
195,3383,publish,جهش کوانتومی کیهان؛ آیا پیش از مهبانگ مرحله‌ای دیگر وجود داشت؟,quantum-bounce,https://qpedia.ir/quantum-bounce/,2026-09-21 09:14:54,حفظ,جهش کوانتومی کیهان؛ آیا پیش از مهبانگ مرحله‌ای دیگر وجود داشت؟,جهان کوانتومی و ساختار ماده,کیهان، گرانش و ترمودینامیک کوانتومی,کیهان‌شناسی و جهان آغازین,quantum-cosmology-early-universe,,
196,3385,publish,بلاک‌چین کوانتومی؛ امنیت پساکوانتومی یا شبکه‌ای واقعاً کوانتومی؟,quantum-blockchain,https://qpedia.ir/quantum-blockchain/,2026-09-21 09:14:54,حفظ,بلاک‌چین کوانتومی؛ امنیت پساکوانتومی یا شبکه‌ای واقعاً کوانتومی؟,اطلاعات و فناوری کوانتومی,ارتباطات، شبکه و امنیت کوانتومی,پروتکل‌های اعتماد و کاربردهای رمزنگاری,quantum-trust-cryptographic-protocols,,
197,3387,publish,موسیقی کوانتومی؛ از دادهٔ آزمایش تا صدا و آهنگ‌سازی,quantum-music,https://qpedia.ir/quantum-music/,2026-09-21 04:47:39,حفظ,موسیقی کوانتومی؛ از دادهٔ آزمایش تا صدا و آهنگ‌سازی,کوانتوم در علم، فناوری و جامعه,تاریخ، آموزش و جامعه کوانتومی,فرهنگ، رسانه، صنعت و آینده کوانتوم,quantum-culture-media-industry-future,,
198,3389,publish,داستان علمی‌تخیلی کوانتومی؛ روایت جهان‌های ممکن بدون تحریف علم,quantum-fiction,https://qpedia.ir/quantum-fiction/,2026-09-21 09:14:54,حفظ,داستان علمی‌تخیلی کوانتومی؛ روایت جهان‌های ممکن بدون تحریف علم,کوانتوم در علم، فناوری و جامعه,تاریخ، آموزش و جامعه کوانتومی,فرهنگ، رسانه، صنعت و آینده کوانتوم,quantum-culture-media-industry-future,,
199,3391,publish,فرهنگ کوانتومی؛ وقتی زبان فیزیک وارد جامعه می‌شود,quantum-culture,https://qpedia.ir/quantum-culture/,2026-09-21 04:47:55,حفظ,فرهنگ کوانتومی؛ وقتی زبان فیزیک وارد جامعه می‌شود,کوانتوم در علم، فناوری و جامعه,تاریخ، آموزش و جامعه کوانتومی,فرهنگ، رسانه، صنعت و آینده کوانتوم,quantum-culture-media-industry-future,,
200,3393,publish,زمستان کوانتومی؛ اگر سرمایه و اعتماد از فناوری عقب‌نشینی کنند,quantum-winter,https://qpedia.ir/quantum-winter/,2026-09-21 04:48:13,حفظ,زمستان کوانتومی؛ اگر سرمایه و اعتماد از فناوری عقب‌نشینی کنند,اطلاعات و فناوری کوانتومی,رایانش کوانتومی,تصحیح خطا، کنترل و محدودیت‌ها,quantum-error-control-limitations,,
201,3395,publish,تکینگی کوانتومی؛ مرز شکست نظریه یا جهش فرضی فناوری؟,quantum-singularity,https://qpedia.ir/quantum-singularity/,2026-09-21 09:14:55,حفظ,تکینگی کوانتومی؛ مرز شکست نظریه یا جهش فرضی فناوری؟,جهان کوانتومی و ساختار ماده,کیهان، گرانش و ترمودینامیک کوانتومی,گرانش کوانتومی و فضا–زمان,quantum-gravity-spacetime,,
202,3397,publish,حالت‌های همدوس؛ کوانتومی‌ترین توصیف نور کلاسیک,coherent-states,https://qpedia.ir/coherent-states/,2026-09-21 09:14:55,حفظ,حالت‌های همدوس؛ کوانتومی‌ترین توصیف نور کلاسیک,دانش بنیادی کوانتوم,مبانی فیزیک کوانتومی,حالت کوانتومی و تابع موج,quantum-states-wave-function,,
203,3399,publish,حالت فوک؛ وقتی تعداد کوانتوم‌ها دقیق است,fock-state,https://qpedia.ir/fock-state/,2026-09-21 02:49:01,حفظ,حالت فوک؛ وقتی تعداد کوانتوم‌ها دقیق است,دانش بنیادی کوانتوم,مبانی فیزیک کوانتومی,حالت کوانتومی و تابع موج,quantum-states-wave-function,,
204,3401,publish,چهارموجی؛ برهم‌کنش غیرخطی چهار میدان نور,four-wave-mixing,https://qpedia.ir/four-wave-mixing/,2026-09-21 09:14:55,حفظ,چهارموجی؛ برهم‌کنش غیرخطی چهار میدان نور,جهان کوانتومی و ساختار ماده,اپتیک کوانتومی و فوتونیک,لیزرها و اپتیک غیرخطی,lasers-nonlinear-optics,,
205,3403,publish,نوسانگر پارامتری نوری؛ تبدیل یک پمپ به دو میدان همدوس,optical-parametric-oscillator,https://qpedia.ir/optical-parametric-oscillator/,2026-09-21 09:14:55,حفظ,نوسانگر پارامتری نوری؛ تبدیل یک پمپ به دو میدان همدوس,جهان کوانتومی و ساختار ماده,اپتیک کوانتومی و فوتونیک,لیزرها و اپتیک غیرخطی,lasers-nonlinear-optics,,
206,3405,publish,آشکارسازی هوموداین؛ اندازه‌گیری کوادرات‌های میدان نور,homodyne-detection,https://qpedia.ir/homodyne-detection/,2026-09-21 02:51:59,حفظ,آشکارسازی هوموداین؛ اندازه‌گیری کوادرات‌های میدان نور,جهان کوانتومی و ساختار ماده,اپتیک کوانتومی و فوتونیک,آشکارسازی و اندازه‌گیری نور,photon-detection-optical-measurement,,
207,3408,publish,دماسنجی کوانتومی؛ اندازه‌گیری دما با یک سامانه بسیار کوچک,quantum-thermometry,https://qpedia.ir/quantum-thermometry/,2026-09-21 09:14:55,حفظ,دماسنجی کوانتومی؛ اندازه‌گیری دما با یک سامانه بسیار کوچک,جهان کوانتومی و ساختار ماده,کیهان، گرانش و ترمودینامیک کوانتومی,ترمودینامیک، آنتروپی و ماشین‌های کوانتومی,quantum-thermodynamics-entropy-machines,,
208,3410,publish,بازده موتور کوانتومی؛ آیا همدوسی می‌تواند از کارنو جلو بزند؟,quantum-engine-efficiency,https://qpedia.ir/quantum-engine-efficiency/,2026-09-21 09:14:55,حفظ,بازده موتور کوانتومی؛ آیا همدوسی می‌تواند از کارنو جلو بزند؟,جهان کوانتومی و ساختار ماده,کیهان، گرانش و ترمودینامیک کوانتومی,ترمودینامیک، آنتروپی و ماشین‌های کوانتومی,quantum-thermodynamics-entropy-machines,,
209,3412,publish,پیام‌رسانی سلولی و کوانتوم؛ کجا شیمی کوانتومی تمام می‌شود و ادعای بزرگ آغاز؟,quantum-cell-signaling,https://qpedia.ir/quantum-cell-signaling/,2026-09-21 09:14:55,حفظ,پیام‌رسانی سلولی و کوانتوم؛ کجا شیمی کوانتومی تمام می‌شود و ادعای بزرگ آغاز؟,کوانتوم در علم، فناوری و جامعه,شیمی، زیست‌شناسی و پزشکی کوانتومی,زیست‌شناسی کوانتومی,quantum-biology,,
210,3414,publish,بیهوشی و کوانتوم؛ فرضیه‌ای جذاب با شواهد محدود,quantum-anesthesia,https://qpedia.ir/quantum-anesthesia/,2026-09-21 04:48:34,حفظ,بیهوشی و کوانتوم؛ فرضیه‌ای جذاب با شواهد محدود,کوانتوم در علم، فناوری و جامعه,شیمی، زیست‌شناسی و پزشکی کوانتومی,مغز، آگاهی و علوم اعصاب,quantum-brain-neuroscience,,
211,3416,publish,کوانتوم در سرطان؛ از ابزار تشخیص تا ادعاهای درمانی,quantum-cancer,https://qpedia.ir/quantum-cancer/,2026-09-21 09:14:54,حفظ,کوانتوم در سرطان؛ از ابزار تشخیص تا ادعاهای درمانی,کوانتوم در علم، فناوری و جامعه,شیمی، زیست‌شناسی و پزشکی کوانتومی,پزشکی، تصویربرداری و تشخیص,quantum-medicine-imaging-diagnostics,,
212,3418,publish,کوانتوم در باکتری‌ها؛ از فتوسنتز تا حس‌کردن میدان,quantum-bacteria,https://qpedia.ir/quantum-bacteria/,2026-09-21 09:14:55,حفظ,کوانتوم در باکتری‌ها؛ از فتوسنتز تا حس‌کردن میدان,کوانتوم در علم، فناوری و جامعه,شیمی، زیست‌شناسی و پزشکی کوانتومی,زیست‌شناسی کوانتومی,quantum-biology,,
213,3420,publish,کوانتوم در ویروس‌ها؛ علم مولکولی یا برچسبی گمراه‌کننده؟,quantum-viruses,https://qpedia.ir/quantum-viruses/,2026-09-21 09:14:55,حفظ,کوانتوم در ویروس‌ها؛ علم مولکولی یا برچسبی گمراه‌کننده؟,کوانتوم در علم، فناوری و جامعه,شیمی، زیست‌شناسی و پزشکی کوانتومی,زیست‌شناسی کوانتومی,quantum-biology,,
214,3422,publish,حالت GHZ؛ درهم‌تنیدگی چندذره‌ای بدون راه فرار کلاسیک,ghz-state,https://qpedia.ir/ghz-state/,2026-09-21 09:14:55,حفظ,حالت GHZ؛ درهم‌تنیدگی چندذره‌ای بدون راه فرار کلاسیک,دانش بنیادی کوانتوم,مبانی فیزیک کوانتومی,برهم‌نهی، درهم‌تنیدگی و همدوسی,superposition-entanglement-coherence,,
215,3424,publish,پارادوکس هاردی؛ ناموضعیت بدون نامساوی بل,hardy-paradox,https://qpedia.ir/hardy-paradox/,2026-09-21 04:49:09,حفظ,پارادوکس هاردی؛ ناموضعیت بدون نامساوی بل,دانش بنیادی کوانتوم,مبانی فیزیک کوانتومی,برهم‌نهی، درهم‌تنیدگی و همدوسی,superposition-entanglement-coherence,,
216,3426,publish,زمینه‌مندی کوانتومی؛ چرا نتیجه را نمی‌توان مستقل از شیوه اندازه‌گیری دانست؟,quantum-contextuality,https://qpedia.ir/quantum-contextuality/,2026-09-21 09:14:55,حفظ,زمینه‌مندی کوانتومی؛ چرا نتیجه را نمی‌توان مستقل از شیوه اندازه‌گیری دانست؟,دانش بنیادی کوانتوم,مبانی فیزیک کوانتومی,اندازه‌گیری، احتمال و عدم‌قطعیت,measurement-probability-uncertainty,,
217,3428,publish,گربهٔ چشایر کوانتومی؛ آیا ویژگی واقعاً از ذره جدا می‌شود؟,quantum-cheshire-cat,https://qpedia.ir/quantum-cheshire-cat/,2026-09-21 09:14:55,حفظ,گربهٔ چشایر کوانتومی؛ آیا ویژگی واقعاً از ذره جدا می‌شود؟,دانش بنیادی کوانتوم,مبانی فیزیک کوانتومی,اثرها و پدیده‌های کوانتومی,quantum-effects-phenomena,,
218,3430,publish,پارادوکس سه جعبه؛ ذره‌ای که اگر بگردیم در دو جای متفاوت پیدا می‌شود,three-box-paradox,https://qpedia.ir/three-box-paradox/,2026-09-21 02:51:33,حفظ,پارادوکس سه جعبه؛ ذره‌ای که اگر بگردیم در دو جای متفاوت پیدا می‌شود,دانش بنیادی کوانتوم,مبانی فیزیک کوانتومی,اثرها و پدیده‌های کوانتومی,quantum-effects-phenomena,,
219,3432,publish,منطق کوانتومی؛ چرا گزاره‌های آزمایش مانند مجموعه‌های معمولی رفتار نمی‌کنند؟,quantum-logic,https://qpedia.ir/quantum-logic/,2026-09-20 19:09:33,حفظ,منطق کوانتومی؛ چرا گزاره‌های آزمایش مانند مجموعه‌های معمولی رفتار نمی‌کنند؟,دانش بنیادی کوانتوم,مبانی فیزیک کوانتومی,اندازه‌گیری، احتمال و عدم‌قطعیت,measurement-probability-uncertainty,,
220,3434,publish,احتمال کوانتومی؛ چرا جمع دامنه‌ها با جمع احتمال‌ها فرق دارد؟,quantum-probability,https://qpedia.ir/quantum-probability/,2026-09-21 04:49:53,حفظ,احتمال کوانتومی؛ چرا جمع دامنه‌ها با جمع احتمال‌ها فرق دارد؟,دانش بنیادی کوانتوم,مبانی فیزیک کوانتومی,اندازه‌گیری، احتمال و عدم‌قطعیت,measurement-probability-uncertainty,,
221,3436,publish,تابش شتاب و اثر اونرو؛ آیا ناظر شتاب‌دار خلأ را گرم می‌بیند؟,acceleration-radiation,https://qpedia.ir/acceleration-radiation/,2026-09-21 09:14:55,حفظ,تابش شتاب و اثر اونرو؛ آیا ناظر شتاب‌دار خلأ را گرم می‌بیند؟,جهان کوانتومی و ساختار ماده,کیهان، گرانش و ترمودینامیک کوانتومی,گرانش کوانتومی و فضا–زمان,quantum-gravity-spacetime,,
222,3438,publish,گشتاور مغناطیسی ناهنجار؛ آزمونی میلیاردی برای نظریه ذرات,anomalous-magnetic-moment,https://qpedia.ir/anomalous-magnetic-moment/,2026-09-21 09:14:55,حفظ,گشتاور مغناطیسی ناهنجار؛ آزمونی میلیاردی برای نظریه ذرات,دانش بنیادی کوانتوم,ذرات، میدان‌ها و فیزیک هسته‌ای,ذرات بنیادی و مدل استاندارد,elementary-particles-standard-model,,
223,3440,publish,ثابت ساختار ریز؛ عددی بی‌بُعد برای قدرت نور و ماده,fine-structure-constant,https://qpedia.ir/fine-structure-constant/,2026-09-21 09:14:54,حفظ,ثابت ساختار ریز؛ عددی بی‌بُعد برای قدرت نور و ماده,دانش بنیادی کوانتوم,مبانی فیزیک کوانتومی,اثرها و پدیده‌های کوانتومی,quantum-effects-phenomena,,
224,3442,publish,الکترودینامیک کوانتومی؛ نظریه‌ای که نور و بار را با دقت بی‌سابقه پیوند می‌دهد,quantum-electrodynamics,https://qpedia.ir/quantum-electrodynamics/,2026-09-20 23:01:41,حفظ,الکترودینامیک کوانتومی؛ نظریه‌ای که نور و بار را با دقت بی‌سابقه پیوند می‌دهد,دانش بنیادی کوانتوم,ذرات، میدان‌ها و فیزیک هسته‌ای,میدان‌های کوانتومی و نیروهای بنیادی,quantum-fields-fundamental-forces,,
225,3443,publish,کرومودینامیک کوانتومی؛ چرا کوارک‌ها هرگز تنها دیده نمی‌شوند؟,quantum-chromodynamics,https://qpedia.ir/quantum-chromodynamics/,2026-09-21 09:14:54,حفظ,کرومودینامیک کوانتومی؛ چرا کوارک‌ها هرگز تنها دیده نمی‌شوند؟,دانش بنیادی کوانتوم,ذرات، میدان‌ها و فیزیک هسته‌ای,کوارک‌ها، هادرون‌ها و نیروی قوی,quarks-hadrons-strong-force,,
226,3445,publish,نظریهٔ الکتروضعیف؛ اتحاد نور و واپاشی هسته‌ای,electroweak-theory,https://qpedia.ir/electroweak-theory/,2026-09-21 09:14:54,حفظ,نظریهٔ الکتروضعیف؛ اتحاد نور و واپاشی هسته‌ای,دانش بنیادی کوانتوم,ذرات، میدان‌ها و فیزیک هسته‌ای,میدان‌های کوانتومی و نیروهای بنیادی,quantum-fields-fundamental-forces,,
227,3450,publish,تخمین فاز کوانتومی؛ چگونه مقدار ویژه را از فاز بیرون می‌کشیم؟,quantum-phase-estimation,https://qpedia.ir/quantum-phase-estimation/,2026-09-21 09:14:55,حفظ,تخمین فاز کوانتومی؛ چگونه مقدار ویژه را از فاز بیرون می‌کشیم؟,اطلاعات و فناوری کوانتومی,رایانش کوانتومی,الگوریتم‌های کوانتومی,quantum-algorithms,,
228,3452,publish,قدم‌زدن کوانتومی؛ راه‌رفتن هم‌زمان در چند مسیر,quantum-walk,https://qpedia.ir/quantum-walk/,2026-09-20 19:01:29,حفظ,قدم‌زدن کوانتومی؛ راه‌رفتن هم‌زمان در چند مسیر,اطلاعات و فناوری کوانتومی,رایانش کوانتومی,الگوریتم‌های کوانتومی,quantum-algorithms,,
229,3454,publish,حلگر تغییراتی کوانتومی؛ VQE چگونه انرژی مولکول را حدس می‌زند؟,variational-quantum-eigensolver,https://qpedia.ir/variational-quantum-eigensolver/,2026-09-21 09:14:55,حفظ,حلگر تغییراتی کوانتومی؛ VQE چگونه انرژی مولکول را حدس می‌زند؟,اطلاعات و فناوری کوانتومی,رایانش کوانتومی,الگوریتم‌های کوانتومی,quantum-algorithms,,
230,3456,publish,QAOA؛ بهینه‌سازی تقریبی با لایه‌های کوانتومی,qaoa,https://qpedia.ir/qaoa/,2026-09-21 09:14:55,حفظ,QAOA؛ بهینه‌سازی تقریبی با لایه‌های کوانتومی,اطلاعات و فناوری کوانتومی,رایانش کوانتومی,الگوریتم‌های کوانتومی,quantum-algorithms,,
231,3458,publish,هستهٔ کوانتومی؛ آیا نگاشت داده به فضای کیوبیت‌ها یادگیری را بهتر می‌کند؟,quantum-kernel,https://qpedia.ir/quantum-kernel/,2026-09-21 09:14:55,حفظ,هستهٔ کوانتومی؛ آیا نگاشت داده به فضای کیوبیت‌ها یادگیری را بهتر می‌کند؟,اطلاعات و فناوری کوانتومی,هوش مصنوعی و یادگیری ماشین کوانتومی,هسته‌ها و نگاشت ویژگی کوانتومی,quantum-kernels-feature-maps,,
232,3460,publish,شبکهٔ عصبی کوانتومی؛ نامی آشنا برای مدل‌هایی هنوز ناآشنا,quantum-neural-network,https://qpedia.ir/quantum-neural-network/,2026-09-21 09:14:55,حفظ,شبکهٔ عصبی کوانتومی؛ نامی آشنا برای مدل‌هایی هنوز ناآشنا,اطلاعات و فناوری کوانتومی,هوش مصنوعی و یادگیری ماشین کوانتومی,شبکه‌های عصبی و مدل‌های مولد کوانتومی,quantum-neural-generative-models,,
233,3462,publish,مدل مولد کوانتومی؛ آیا کیوبیت‌ها می‌توانند داده تازه بسازند؟,quantum-generative-model,https://qpedia.ir/quantum-generative-model/,2026-09-21 09:14:55,حفظ,مدل مولد کوانتومی؛ آیا کیوبیت‌ها می‌توانند داده تازه بسازند؟,اطلاعات و فناوری کوانتومی,هوش مصنوعی و یادگیری ماشین کوانتومی,شبکه‌های عصبی و مدل‌های مولد کوانتومی,quantum-neural-generative-models,,
234,3464,publish,یادگیری تقویتی کوانتومی؛ عامل، محیط و پاداش با کیوبیت‌ها,quantum-reinforcement-learning,https://qpedia.ir/quantum-reinforcement-learning/,2026-09-21 09:14:55,حفظ,یادگیری تقویتی کوانتومی؛ عامل، محیط و پاداش با کیوبیت‌ها,اطلاعات و فناوری کوانتومی,هوش مصنوعی و یادگیری ماشین کوانتومی,یادگیری تقویتی و بهینه‌سازی هوشمند,quantum-reinforcement-intelligent-optimization,,
235,3466,publish,زبان برنامه‌نویسی کوانتومی؛ از الگوریتم تا مدار قابل‌اجرا,quantum-programming-language,https://qpedia.ir/quantum-programming-language/,2026-09-20 19:06:11,حفظ,زبان برنامه‌نویسی کوانتومی؛ از الگوریتم تا مدار قابل‌اجرا,اطلاعات و فناوری کوانتومی,رایانش کوانتومی,نرم‌افزار، برنامه‌نویسی و شبیه‌سازی,quantum-software-programming-simulation,,
236,3468,publish,کامپایلر کوانتومی؛ ترجمه الگوریتم به گیت‌های واقعی,quantum-compiler,https://qpedia.ir/quantum-compiler/,2026-09-21 09:14:55,حفظ,کامپایلر کوانتومی؛ ترجمه الگوریتم به گیت‌های واقعی,اطلاعات و فناوری کوانتومی,رایانش کوانتومی,نرم‌افزار، برنامه‌نویسی و شبیه‌سازی,quantum-software-programming-simulation,,
237,3470,publish,کنترل کوانتومی؛ هدایت یک سامانه ظریف با پالس‌های دقیق,quantum-control,https://qpedia.ir/quantum-control/,2026-09-20 18:59:43,حفظ,کنترل کوانتومی؛ هدایت یک سامانه ظریف با پالس‌های دقیق,اطلاعات و فناوری کوانتومی,رایانش کوانتومی,تصحیح خطا، کنترل و محدودیت‌ها,quantum-error-control-limitations,,
238,3472,publish,عایق توپولوژیک؛ درون عایق، روی سطح رسانا,topological-insulator,https://qpedia.ir/topological-insulator/,2026-09-21 09:14:55,حفظ,عایق توپولوژیک؛ درون عایق، روی سطح رسانا,جهان کوانتومی و ساختار ماده,ماده چگال و مواد کوانتومی,مواد و فازهای توپولوژیک,topological-quantum-materials,,
239,3474,publish,نیم‌فلز ویل؛ تک‌قطبی‌های بری در یک بلور,weyl-semimetal,https://qpedia.ir/weyl-semimetal/,2026-09-21 09:14:55,حفظ,نیم‌فلز ویل؛ تک‌قطبی‌های بری در یک بلور,جهان کوانتومی و ساختار ماده,ماده چگال و مواد کوانتومی,مواد و فازهای توپولوژیک,topological-quantum-materials,,
240,3476,publish,نیم‌فلز دیراک؛ وقتی دو گره ویل روی هم می‌افتند,dirac-semimetal,https://qpedia.ir/dirac-semimetal/,2026-09-21 02:52:26,حفظ,نیم‌فلز دیراک؛ وقتی دو گره ویل روی هم می‌افتند,جهان کوانتومی و ساختار ماده,ماده چگال و مواد کوانتومی,مواد و فازهای توپولوژیک,topological-quantum-materials,,
241,3478,publish,فرمیون مایورانا؛ ذره‌ای که پادذرهٔ خودش است,majorana-fermion,https://qpedia.ir/majorana-fermion/,2026-09-21 09:14:55,حفظ,فرمیون مایورانا؛ ذره‌ای که پادذرهٔ خودش است,دانش بنیادی کوانتوم,ذرات، میدان‌ها و فیزیک هسته‌ای,پادماده، ماده تاریک و ذرات فرضی,antimatter-dark-matter-hypothetical-particles,,
242,3480,publish,آنیون؛ ذره‌ای که نه بوزون است و نه فرمیون,anyon,https://qpedia.ir/anyon/,2026-09-21 02:48:22,حفظ,آنیون؛ ذره‌ای که نه بوزون است و نه فرمیون,جهان کوانتومی و ساختار ماده,ماده چگال و مواد کوانتومی,مواد و فازهای توپولوژیک,topological-quantum-materials,,
243,3482,publish,اثر هال کوانتومی کسری؛ وقتی الکترون‌ها شبه‌ذره می‌سازند,fractional-quantum-hall-effect,https://qpedia.ir/fractional-quantum-hall-effect/,2026-08-20 18:18:26,حفظ,اثر هال کوانتومی کسری؛ وقتی الکترون‌ها شبه‌ذره می‌سازند,جهان کوانتومی و ساختار ماده,ماده چگال و مواد کوانتومی,مواد و فازهای توپولوژیک,topological-quantum-materials,,
244,3484,publish,عایق مات؛ وقتی دافعه الکترون‌ها راه جریان را می‌بندد,mott-insulator,https://qpedia.ir/mott-insulator/,2026-09-21 09:14:55,حفظ,عایق مات؛ وقتی دافعه الکترون‌ها راه جریان را می‌بندد,جهان کوانتومی و ساختار ماده,ماده چگال و مواد کوانتومی,مواد و فازهای توپولوژیک,topological-quantum-materials,,
245,3486,publish,بحرانیت کوانتومی؛ نوسان‌هایی که در صفر مطلق هم خاموش نمی‌شوند,quantum-criticality,https://qpedia.ir/quantum-criticality/,2026-09-21 09:14:55,حفظ,بحرانیت کوانتومی؛ نوسان‌هایی که در صفر مطلق هم خاموش نمی‌شوند,جهان کوانتومی و ساختار ماده,ماده چگال و مواد کوانتومی,مواد و فازهای توپولوژیک,topological-quantum-materials,,
246,3488,publish,گذار فاز کوانتومی؛ تغییر نظم ماده بدون گرم‌کردن,quantum-phase-transition,https://qpedia.ir/quantum-phase-transition/,2026-09-21 02:50:04,حفظ,گذار فاز کوانتومی؛ تغییر نظم ماده بدون گرم‌کردن,جهان کوانتومی و ساختار ماده,ماده چگال و مواد کوانتومی,مواد و فازهای توپولوژیک,topological-quantum-materials,,
247,3491,publish,الکترودینامیک کوانتومی حفره؛ وقتی یک اتم بارها با یک فوتون روبه‌رو می‌شود,cavity-qed,https://qpedia.ir/cavity-qed/,2026-09-21 09:14:55,حفظ,الکترودینامیک کوانتومی حفره؛ وقتی یک اتم بارها با یک فوتون روبه‌رو می‌شود,جهان کوانتومی و ساختار ماده,اپتیک کوانتومی و فوتونیک,نور، فوتون و برهم‌کنش نور و ماده,light-photons-light-matter,,
248,3493,publish,الکترودینامیک کوانتومی مدار؛ اتم مصنوعی روی یک تراشه,circuit-qed,https://qpedia.ir/circuit-qed/,2026-09-21 09:14:55,حفظ,الکترودینامیک کوانتومی مدار؛ اتم مصنوعی روی یک تراشه,جهان کوانتومی و ساختار ماده,اپتیک کوانتومی و فوتونیک,نور، فوتون و برهم‌کنش نور و ماده,light-photons-light-matter,,
249,3495,publish,نوسانات رابی؛ ضربان منظم میان دو حالت کوانتومی,rabi-oscillations,https://qpedia.ir/rabi-oscillations/,2026-09-21 02:53:28,حفظ,نوسانات رابی؛ ضربان منظم میان دو حالت کوانتومی,دانش بنیادی کوانتوم,مبانی فیزیک کوانتومی,اثرها و پدیده‌های کوانتومی,quantum-effects-phenomena,,
250,3497,publish,شفافیت القایی الکترومغناطیسی؛ وقتی یک لیزر راه نور دیگر را باز می‌کند,electromagnetically-induced-transparency,https://qpedia.ir/electromagnetically-induced-transparency/,2026-09-21 09:14:55,حفظ,شفافیت القایی الکترومغناطیسی؛ وقتی یک لیزر راه نور دیگر را باز می‌کند,جهان کوانتومی و ساختار ماده,اپتیک کوانتومی و فوتونیک,نور، فوتون و برهم‌کنش نور و ماده,light-photons-light-matter,,
251,3499,publish,تصویربرداری با فوتون‌های آشکارنشده؛ دیدن نمونه با نوری که دوربین نمی‌بیند,quantum-imaging-undetected-photons,https://qpedia.ir/quantum-imaging-undetected-photons/,2026-09-21 09:14:55,حفظ,تصویربرداری با فوتون‌های آشکارنشده؛ دیدن نمونه با نوری که دوربین نمی‌بیند,جهان کوانتومی و ساختار ماده,اپتیک کوانتومی و فوتونیک,تصویربرداری، میکروسکوپی و لیتوگرافی,quantum-imaging-microscopy-lithography,,
252,3501,publish,میکروسکوپ کوانتومی؛ دیدن نمونه با فوتون کمتر,quantum-microscopy,https://qpedia.ir/quantum-microscopy/,2026-08-20 18:19:52,حفظ,میکروسکوپ کوانتومی؛ دیدن نمونه با فوتون کمتر,جهان کوانتومی و ساختار ماده,اپتیک کوانتومی و فوتونیک,تصویربرداری، میکروسکوپی و لیتوگرافی,quantum-imaging-microscopy-lithography,,
253,3503,publish,ابرتفکیک کوانتومی؛ فراتررفتن از مرز کلاسیک دقیقاً یعنی چه؟,super-resolution-quantum,https://qpedia.ir/super-resolution-quantum/,2026-09-21 09:14:55,حفظ,ابرتفکیک کوانتومی؛ فراتررفتن از مرز کلاسیک دقیقاً یعنی چه؟,جهان کوانتومی و ساختار ماده,اپتیک کوانتومی و فوتونیک,تصویربرداری، میکروسکوپی و لیتوگرافی,quantum-imaging-microscopy-lithography,,
254,3505,publish,اشتراک راز کوانتومی؛ وقتی هیچ‌کس به‌تنهایی کلید را ندارد,quantum-secret-sharing,https://qpedia.ir/quantum-secret-sharing/,2026-09-21 04:50:20,حفظ,اشتراک راز کوانتومی؛ وقتی هیچ‌کس به‌تنهایی کلید را ندارد,اطلاعات و فناوری کوانتومی,ارتباطات، شبکه و امنیت کوانتومی,پروتکل‌های اعتماد و کاربردهای رمزنگاری,quantum-trust-cryptographic-protocols,,
255,3507,publish,QKD مستقل از دستگاه؛ امنیتی که به درون جعبه اعتماد نمی‌کند,device-independent-qkd,https://qpedia.ir/device-independent-qkd/,2026-09-21 09:14:55,حفظ,QKD مستقل از دستگاه؛ امنیتی که به درون جعبه اعتماد نمی‌کند,اطلاعات و فناوری کوانتومی,ارتباطات، شبکه و امنیت کوانتومی,رمزنگاری و توزیع کلید کوانتومی,quantum-cryptography-qkd,,
256,3509,publish,QKD مستقل از دستگاه اندازه‌گیری؛ آشکارساز می‌تواند نامطمئن باشد,measurement-device-independent-qkd,https://qpedia.ir/measurement-device-independent-qkd/,2026-09-21 09:14:55,حفظ,QKD مستقل از دستگاه اندازه‌گیری؛ آشکارساز می‌تواند نامطمئن باشد,اطلاعات و فناوری کوانتومی,ارتباطات، شبکه و امنیت کوانتومی,رمزنگاری و توزیع کلید کوانتومی,quantum-cryptography-qkd,,
257,3511,publish,QKD میدان دوقلو؛ شکستن محدودیت برد بدون ریپیتر کوانتومی,twin-field-qkd,https://qpedia.ir/twin-field-qkd/,2026-09-21 09:14:55,حفظ,QKD میدان دوقلو؛ شکستن محدودیت برد بدون ریپیتر کوانتومی,اطلاعات و فناوری کوانتومی,ارتباطات، شبکه و امنیت کوانتومی,رمزنگاری و توزیع کلید کوانتومی,quantum-cryptography-qkd,,
258,3513,publish,امضای دیجیتال کوانتومی؛ چگونه اصالت پیام را بدون کلید خصوصی کلاسیک بسنجیم؟,quantum-digital-signature,https://qpedia.ir/quantum-digital-signature/,2026-09-21 09:14:55,حفظ,امضای دیجیتال کوانتومی؛ چگونه اصالت پیام را بدون کلید خصوصی کلاسیک بسنجیم؟,اطلاعات و فناوری کوانتومی,ارتباطات، شبکه و امنیت کوانتومی,پروتکل‌های اعتماد و کاربردهای رمزنگاری,quantum-trust-cryptographic-protocols,,
259,3515,publish,پول کوانتومی؛ اسکناسی که کپی‌کردنش با قوانین فیزیک محدود می‌شود,quantum-money,https://qpedia.ir/quantum-money/,2026-09-20 18:54:53,حفظ,پول کوانتومی؛ اسکناسی که کپی‌کردنش با قوانین فیزیک محدود می‌شود,اطلاعات و فناوری کوانتومی,ارتباطات، شبکه و امنیت کوانتومی,پروتکل‌های اعتماد و کاربردهای رمزنگاری,quantum-trust-cryptographic-protocols,,
260,3517,publish,رأی‌گیری کوانتومی؛ آیا فیزیک می‌تواند انتخابات را امن‌تر کند؟,quantum-voting,https://qpedia.ir/quantum-voting/,2026-09-20 19:08:46,حفظ,رأی‌گیری کوانتومی؛ آیا فیزیک می‌تواند انتخابات را امن‌تر کند؟,اطلاعات و فناوری کوانتومی,ارتباطات، شبکه و امنیت کوانتومی,پروتکل‌های اعتماد و کاربردهای رمزنگاری,quantum-trust-cryptographic-protocols,,
261,3519,publish,مسیریاب کوانتومی؛ فوتون را چگونه بدون خواندن پیام هدایت می‌کنیم؟,quantum-router,https://qpedia.ir/quantum-router/,2026-09-21 09:14:55,حفظ,مسیریاب کوانتومی؛ فوتون را چگونه بدون خواندن پیام هدایت می‌کنیم؟,اطلاعات و فناوری کوانتومی,ارتباطات، شبکه و امنیت کوانتومی,شبکه، ریپیتر و اینترنت کوانتومی,quantum-networks-repeaters-internet,,
262,3521,publish,شبکهٔ کوانتومی؛ زیرساختی برای توزیع درهم‌تنیدگی,quantum-network,https://qpedia.ir/quantum-network/,2026-09-20 19:04:23,حفظ,شبکهٔ کوانتومی؛ زیرساختی برای توزیع درهم‌تنیدگی,اطلاعات و فناوری کوانتومی,ارتباطات، شبکه و امنیت کوانتومی,شبکه، ریپیتر و اینترنت کوانتومی,quantum-networks-repeaters-internet,,
263,3523,publish,رایانش کوانتومی ابری؛ دسترسی از مرورگر به یک پردازنده واقعی,quantum-cloud,https://qpedia.ir/quantum-cloud/,2026-09-20 18:26:12,حفظ,رایانش کوانتومی ابری؛ دسترسی از مرورگر به یک پردازنده واقعی,اطلاعات و فناوری کوانتومی,رایانش کوانتومی,نرم‌افزار، برنامه‌نویسی و شبیه‌سازی,quantum-software-programming-simulation,,
264,3525,publish,الگوریتم دویچ–جوزا؛ نخستین نمایش روشن برتری در تعداد پرس‌وجو,deutsch-jozsa-algorithm,https://qpedia.ir/deutsch-jozsa-algorithm/,2026-09-21 02:54:13,حفظ,الگوریتم دویچ–جوزا؛ نخستین نمایش روشن برتری در تعداد پرس‌وجو,اطلاعات و فناوری کوانتومی,رایانش کوانتومی,الگوریتم‌های کوانتومی,quantum-algorithms,,
265,3527,publish,الگوریتم سایمون؛ پیدا‌کردن دوره پنهان با تداخل کوانتومی,simon-algorithm,https://qpedia.ir/simon-algorithm/,2026-09-21 09:14:54,حفظ,الگوریتم سایمون؛ پیدا‌کردن دوره پنهان با تداخل کوانتومی,اطلاعات و فناوری کوانتومی,رایانش کوانتومی,الگوریتم‌های کوانتومی,quantum-algorithms,,
266,3528,publish,الگوریتم برنشتاین–وزیرانی؛ بازیابی یک رشته پنهان با یک پرس‌وجو,bernstein-vazirani-algorithm,https://qpedia.ir/bernstein-vazirani-algorithm/,2026-09-20 18:25:07,حفظ,الگوریتم برنشتاین–وزیرانی؛ بازیابی یک رشته پنهان با یک پرس‌وجو,اطلاعات و فناوری کوانتومی,رایانش کوانتومی,الگوریتم‌های کوانتومی,quantum-algorithms,,
267,3531,publish,فرمیون سنگین؛ الکترونی که در جمع هزار برابر سنگین‌تر رفتار می‌کند,heavy-fermion,https://qpedia.ir/heavy-fermion/,2026-09-20 19:06:49,اصلاح عنوان,فرمیون سنگین؛ شبه‌ذره‌ای با جرم مؤثر بسیار بزرگ,جهان کوانتومی و ساختار ماده,ماده چگال و مواد کوانتومی,مغناطیس و سامانه‌های اسپینی,quantum-magnetism-spin-systems,,اصلاح علمی عنوان؛ موضوع مقاله حفظ می‌شود.
268,3533,publish,اثر کوندو؛ چرا مقاومت فلز در سرمای بیشتر دوباره بالا می‌رود؟,kondo-effect,https://qpedia.ir/kondo-effect/,2026-09-21 09:14:55,حفظ,اثر کوندو؛ چرا مقاومت فلز در سرمای بیشتر دوباره بالا می‌رود؟,جهان کوانتومی و ساختار ماده,ماده چگال و مواد کوانتومی,مغناطیس و سامانه‌های اسپینی,quantum-magnetism-spin-systems,,
269,3535,publish,یخ اسپینی؛ مغناطیسی که قانون یخ را تقلید می‌کند,spin-ice,https://qpedia.ir/spin-ice/,2026-09-21 09:14:55,حفظ,یخ اسپینی؛ مغناطیسی که قانون یخ را تقلید می‌کند,جهان کوانتومی و ساختار ماده,ماده چگال و مواد کوانتومی,مغناطیس و سامانه‌های اسپینی,quantum-magnetism-spin-systems,,
270,3537,publish,اسکویید؛ حساس‌ترین حلقه برای شنیدن میدان مغناطیسی,squid,https://qpedia.ir/squid/,2026-09-20 19:05:15,اصلاح عنوان,اسکویید؛ حسگر بسیار حساس شار مغناطیسی,کوانتوم در علم، فناوری و جامعه,اندازه‌گیری، حسگرها و فناوری‌های کوانتومی,تجهیزات و زیرساخت آزمایشگاهی,quantum-laboratory-infrastructure,,اصلاح علمی عنوان؛ موضوع مقاله حفظ می‌شود.
271,3539,publish,شبکهٔ نوری؛ بلوری از نور برای به‌دام‌انداختن اتم‌ها,optical-lattice,https://qpedia.ir/optical-lattice/,2026-09-21 09:14:55,حفظ,شبکهٔ نوری؛ بلوری از نور برای به‌دام‌انداختن اتم‌ها,کوانتوم در علم، فناوری و جامعه,اندازه‌گیری، حسگرها و فناوری‌های کوانتومی,تجهیزات و زیرساخت آزمایشگاهی,quantum-laboratory-infrastructure,,
272,3541,publish,اتم ریدبرگ؛ غولی کوانتومی با الکترونی دوردست,rydberg-atom,https://qpedia.ir/rydberg-atom/,2026-09-21 09:14:55,حفظ,اتم ریدبرگ؛ غولی کوانتومی با الکترونی دوردست,کوانتوم در علم، فناوری و جامعه,اندازه‌گیری، حسگرها و فناوری‌های کوانتومی,تجهیزات و زیرساخت آزمایشگاهی,quantum-laboratory-infrastructure,,
273,3543,publish,پولارون؛ ذره‌ای که محیط را با خود می‌کشد,polaron,https://qpedia.ir/polaron/,2026-09-21 09:14:55,حفظ,پولارون؛ ذره‌ای که محیط را با خود می‌کشد,جهان کوانتومی و ساختار ماده,ماده چگال و مواد کوانتومی,شبه‌ذرات و برانگیختگی‌های جمعی,quasiparticles-collective-excitations,,
274,3545,publish,اکسایتون؛ جفت الکترون–حفره‌ای که نور در ماده می‌سازد,exciton,https://qpedia.ir/exciton/,2026-09-21 09:14:55,حفظ,اکسایتون؛ جفت الکترون–حفره‌ای که نور در ماده می‌سازد,جهان کوانتومی و ساختار ماده,ماده چگال و مواد کوانتومی,شبه‌ذرات و برانگیختگی‌های جمعی,quasiparticles-collective-excitations,,
275,3547,publish,پولاریتون؛ وقتی نور و ماده هویت مشترک پیدا می‌کنند,polariton,https://qpedia.ir/polariton/,2026-09-21 09:14:55,حفظ,پولاریتون؛ وقتی نور و ماده هویت مشترک پیدا می‌کنند,جهان کوانتومی و ساختار ماده,ماده چگال و مواد کوانتومی,شبه‌ذرات و برانگیختگی‌های جمعی,quasiparticles-collective-excitations,,
276,3549,publish,مگنون؛ کوانتوم موج اسپینی در یک آهنربا,magnon,https://qpedia.ir/magnon/,2026-09-21 09:14:55,حفظ,مگنون؛ کوانتوم موج اسپینی در یک آهنربا,جهان کوانتومی و ساختار ماده,ماده چگال و مواد کوانتومی,شبه‌ذرات و برانگیختگی‌های جمعی,quasiparticles-collective-excitations,,
277,3551,publish,پلاسمون؛ موج جمعی الکترون‌ها در مرز نور و ماده,plasmon,https://qpedia.ir/plasmon/,2026-09-21 09:14:55,حفظ,پلاسمون؛ موج جمعی الکترون‌ها در مرز نور و ماده,جهان کوانتومی و ساختار ماده,ماده چگال و مواد کوانتومی,شبه‌ذرات و برانگیختگی‌های جمعی,quasiparticles-collective-excitations,,
278,3553,publish,فونون؛ کوانتوم ارتعاش شبکهٔ بلوری,phonon,https://qpedia.ir/phonon/,2026-09-21 09:14:55,حفظ,فونون؛ کوانتوم ارتعاش شبکهٔ بلوری,جهان کوانتومی و ساختار ماده,ماده چگال و مواد کوانتومی,شبه‌ذرات و برانگیختگی‌های جمعی,quasiparticles-collective-excitations,,
279,3555,publish,موتور گرمایی کوانتومی؛ کارگرفتن از یک سامانه کوچک,quantum-heat-engine,https://qpedia.ir/quantum-heat-engine/,2026-09-21 09:14:55,حفظ,موتور گرمایی کوانتومی؛ کارگرفتن از یک سامانه کوچک,جهان کوانتومی و ساختار ماده,کیهان، گرانش و ترمودینامیک کوانتومی,ترمودینامیک، آنتروپی و ماشین‌های کوانتومی,quantum-thermodynamics-entropy-machines,,
280,3557,publish,یخچال کوانتومی؛ بیرون‌کشیدن گرما از یک سامانه نانومقیاس,quantum-refrigerator,https://qpedia.ir/quantum-refrigerator/,2026-09-21 04:51:28,حفظ,یخچال کوانتومی؛ بیرون‌کشیدن گرما از یک سامانه نانومقیاس,جهان کوانتومی و ساختار ماده,کیهان، گرانش و ترمودینامیک کوانتومی,ترمودینامیک، آنتروپی و ماشین‌های کوانتومی,quantum-thermodynamics-entropy-machines,,
281,559,publish,آیا درهم تنیدگی یعنی اطلاعات سریع تر از نور منتقل می شود؟,entanglement-myths,https://qpedia.ir/entanglement-myths/,2026-09-03 03:10:43,حفظ,آیا درهم تنیدگی یعنی اطلاعات سریع تر از نور منتقل می شود؟,دانش بنیادی کوانتوم,مبانی فیزیک کوانتومی,برهم‌نهی، درهم‌تنیدگی و همدوسی,superposition-entanglement-coherence,,
282,562,publish,آیا مغز انسان از پدیده های کوانتومی استفاده می کند؟ (بررسی ادعاها),brain-quantum-phenomena,https://qpedia.ir/brain-quantum-phenomena/,2026-09-03 02:50:05,حذف/ادغام,آیا مغز انسان از پدیده های کوانتومی استفاده می کند؟ (بررسی ادعاها),,,,,30,موضوع و دامنه با «آیا مغز کوانتومی است؟» یکسان است.
283,2086,publish,نقشهٔ ذهنی پنج‌گانه برای فهم درست کوانتوم,quantum-fivefold-mental-map,https://qpedia.ir/quantum-fivefold-mental-map/,2026-09-03 02:40:17,حفظ,نقشهٔ ذهنی پنج‌گانه برای فهم درست کوانتوم,کوانتوم در علم، فناوری و جامعه,تاریخ، آموزش و جامعه کوانتومی,آموزش، منابع و مسیر یادگیری,quantum-learning-resources,,
284,2087,publish,حسگرهای کوانتومی؛ آیندهٔ دقت اندازه‌گیری,quantum-sensors,https://qpedia.ir/quantum-sensors/,2026-09-03 02:47:09,حفظ,حسگرهای کوانتومی؛ آیندهٔ دقت اندازه‌گیری,کوانتوم در علم، فناوری و جامعه,اندازه‌گیری، حسگرها و فناوری‌های کوانتومی,سنجش و مترولوژی کوانتومی,quantum-sensing-metrology,,
285,2088,publish,درهم‌تنیدگی در کامپیوترهای کوانتومی امروزی,entanglement-quantum-computers,https://qpedia.ir/entanglement-quantum-computers/,2026-09-02 21:06:28,حفظ,درهم‌تنیدگی در کامپیوترهای کوانتومی امروزی,دانش بنیادی کوانتوم,مبانی فیزیک کوانتومی,برهم‌نهی، درهم‌تنیدگی و همدوسی,superposition-entanglement-coherence,,
286,2092,publish,فاینمن: نابغه‌ای که کوانتوم را ساده توضیح می‌داد,feynman-quantum-explainer,https://qpedia.ir/feynman-quantum-explainer/,2026-09-02 21:06:29,حفظ,فاینمن: نابغه‌ای که کوانتوم را ساده توضیح می‌داد,کوانتوم در علم، فناوری و جامعه,تاریخ، آموزش و جامعه کوانتومی,دانشمندان، زندگی‌نامه‌ها و جایزه‌ها,quantum-scientists-biographies-awards,,
287,2093,publish,منابع معتبر فارسی و انگلیسی برای یادگیری عمیق‌تر کوانتوم,quantum-learning-resources,https://qpedia.ir/quantum-learning-resources/,2026-09-02 21:06:29,حفظ,منابع معتبر فارسی و انگلیسی برای یادگیری عمیق‌تر کوانتوم,کوانتوم در علم، فناوری و جامعه,تاریخ، آموزش و جامعه کوانتومی,آموزش، منابع و مسیر یادگیری,quantum-learning-resources,,
288,2094,publish,نبرد اینشتین و بور بر سر معنای کوانتوم,einstein-bohr-debate,https://qpedia.ir/einstein-bohr-debate/,2026-09-02 21:06:29,حفظ,نبرد اینشتین و بور بر سر معنای کوانتوم,کوانتوم در علم، فناوری و جامعه,تاریخ، آموزش و جامعه کوانتومی,آزمایش‌ها و رویدادهای تاریخی,quantum-historical-experiments-events,,
289,2096,publish,پنل خورشیدی و اثر فوتوالکتریک؛ تبدیل نور به جریان زندگی,solar-cells-photoelectric,https://qpedia.ir/solar-cells-photoelectric/,2026-09-03 02:39:07,حفظ,پنل خورشیدی و اثر فوتوالکتریک؛ تبدیل نور به جریان زندگی,کوانتوم در علم، فناوری و جامعه,اندازه‌گیری، حسگرها و فناوری‌های کوانتومی,الکترونیک و فناوری‌های روزمره,quantum-electronics-everyday-technology,,
290,2097,publish,چرا ریاضیات کوانتوم درست است ولی فهمش سخت است؟,why-quantum-math-works,https://qpedia.ir/why-quantum-math-works/,2026-09-03 02:39:33,حفظ,چرا ریاضیات کوانتوم درست است ولی فهمش سخت است؟,کوانتوم در علم، فناوری و جامعه,تاریخ، آموزش و جامعه کوانتومی,آموزش، منابع و مسیر یادگیری,quantum-learning-resources,,
291,2098,publish,کامپیوتر کوانتومی چیست و چقدر با واقعیت فاصله دارد؟,quantum-computer-reality,https://qpedia.ir/quantum-computer-reality/,2026-09-02 21:06:29,حفظ,کامپیوتر کوانتومی چیست و چقدر با واقعیت فاصله دارد؟,اطلاعات و فناوری کوانتومی,رایانش کوانتومی,سخت‌افزار و معماری رایانه کوانتومی,quantum-computing-hardware,,
292,2225,publish,حالت کوانتومی چیست؟ چرا «الکترون کجاست؟» پرسش اشتباه است؟,quantum-state,https://qpedia.ir/quantum-state/,2026-09-03 19:27:53,حفظ,حالت کوانتومی چیست؟ چرا «الکترون کجاست؟» پرسش اشتباه است؟,دانش بنیادی کوانتوم,مبانی فیزیک کوانتومی,مفاهیم و کمیت‌های پایه,basic-quantum-concepts,,
293,2229,publish,کوارک چیست؟,quark,https://qpedia.ir/quark/,2026-09-03 19:27:09,حفظ,کوارک چیست؟,دانش بنیادی کوانتوم,ذرات، میدان‌ها و فیزیک هسته‌ای,ذرات بنیادی و مدل استاندارد,elementary-particles-standard-model,,
294,2231,publish,بوزون هیگز چیست؟,higgs-boson,https://qpedia.ir/higgs-boson/,2026-09-03 19:27:21,حفظ,بوزون هیگز چیست؟,دانش بنیادی کوانتوم,ذرات، میدان‌ها و فیزیک هسته‌ای,ذرات بنیادی و مدل استاندارد,elementary-particles-standard-model,,
295,2232,publish,پادماده چیست؟,antimatter,https://qpedia.ir/antimatter/,2026-09-03 19:26:44,حفظ,پادماده چیست؟,دانش بنیادی کوانتوم,ذرات، میدان‌ها و فیزیک هسته‌ای,پادماده، ماده تاریک و ذرات فرضی,antimatter-dark-matter-hypothetical-particles,,
296,3559,publish,دیو ماکسول کوانتومی؛ اطلاعات چگونه به کار ترمودینامیکی تبدیل می‌شود؟,quantum-maxwell-demon,https://qpedia.ir/quantum-maxwell-demon/,2026-09-21 09:14:55,حفظ,دیو ماکسول کوانتومی؛ اطلاعات چگونه به کار ترمودینامیکی تبدیل می‌شود؟,جهان کوانتومی و ساختار ماده,کیهان، گرانش و ترمودینامیک کوانتومی,ترمودینامیک، آنتروپی و ماشین‌های کوانتومی,quantum-thermodynamics-entropy-machines,,
297,3561,publish,آنتروپی کوانتومی؛ اندازه‌گیری ناآگاهی یا درهم‌تنیدگی؟,quantum-entropy,https://qpedia.ir/quantum-entropy/,2026-09-20 18:49:20,حفظ,آنتروپی کوانتومی؛ اندازه‌گیری ناآگاهی یا درهم‌تنیدگی؟,جهان کوانتومی و ساختار ماده,کیهان، گرانش و ترمودینامیک کوانتومی,ترمودینامیک، آنتروپی و ماشین‌های کوانتومی,quantum-thermodynamics-entropy-machines,,
298,3563,publish,گرمایی‌شدن کوانتومی؛ چگونه یک سامانه بسته به تعادل می‌رسد؟,quantum-thermalization,https://qpedia.ir/quantum-thermalization/,2026-09-21 09:14:55,حفظ,گرمایی‌شدن کوانتومی؛ چگونه یک سامانه بسته به تعادل می‌رسد؟,جهان کوانتومی و ساختار ماده,کیهان، گرانش و ترمودینامیک کوانتومی,سامانه‌های چندجسمی و گرمایی‌شدن,quantum-many-body-thermalization,,
299,3565,publish,جایگزیدگی چندجسمی؛ وقتی سامانه حافظهٔ آغازش را فراموش نمی‌کند,many-body-localization,https://qpedia.ir/many-body-localization/,2026-09-21 09:14:55,حفظ,جایگزیدگی چندجسمی؛ وقتی سامانه حافظهٔ آغازش را فراموش نمی‌کند,جهان کوانتومی و ساختار ماده,کیهان، گرانش و ترمودینامیک کوانتومی,سامانه‌های چندجسمی و گرمایی‌شدن,quantum-many-body-thermalization,,
300,3567,publish,فرضیهٔ گرمایی‌شدن حالت ویژه؛ چرا یک حالت منفرد می‌تواند حرارتی باشد؟,eigenstate-thermalization,https://qpedia.ir/eigenstate-thermalization/,2026-09-21 09:14:55,حفظ,فرضیهٔ گرمایی‌شدن حالت ویژه؛ چرا یک حالت منفرد می‌تواند حرارتی باشد؟,جهان کوانتومی و ساختار ماده,کیهان، گرانش و ترمودینامیک کوانتومی,سامانه‌های چندجسمی و گرمایی‌شدن,quantum-many-body-thermalization,,
301,2235,publish,اسپین هسته‌ای چیست؟,nuclear-spin,https://qpedia.ir/nuclear-spin/,2026-09-03 19:26:56,حفظ,اسپین هسته‌ای چیست؟,دانش بنیادی کوانتوم,مبانی فیزیک کوانتومی,مفاهیم و کمیت‌های پایه,basic-quantum-concepts,,
302,2240,publish,همدوسی چیست؟,coherence,https://qpedia.ir/coherence/,2026-09-04 17:09:24,حفظ,همدوسی چیست؟,دانش بنیادی کوانتوم,مبانی فیزیک کوانتومی,برهم‌نهی، درهم‌تنیدگی و همدوسی,superposition-entanglement-coherence,,
303,2252,publish,الگوریتم گروور چیست؟,grover-algorithm,https://qpedia.ir/grover-algorithm/,2026-09-03 20:30:44,حفظ,الگوریتم گروور چیست؟,اطلاعات و فناوری کوانتومی,رایانش کوانتومی,الگوریتم‌های کوانتومی,quantum-algorithms,,
304,2253,publish,تصحیح خطای کوانتومی چیست؟,quantum-error-correction,https://qpedia.ir/quantum-error-correction/,2026-09-03 20:30:44,حفظ,تصحیح خطای کوانتومی چیست؟,اطلاعات و فناوری کوانتومی,رایانش کوانتومی,تصحیح خطا، کنترل و محدودیت‌ها,quantum-error-control-limitations,,
305,2254,publish,چگالش بوز-اینشتین چیست؟,bose-einstein-condensate,https://qpedia.ir/bose-einstein-condensate/,2026-09-03 20:30:44,حفظ,چگالش بوز-اینشتین چیست؟,جهان کوانتومی و ساختار ماده,ماده چگال و مواد کوانتومی,ابرشارگی، چگالش و گازهای کوانتومی,superfluidity-condensates-quantum-gases,,
306,2255,publish,همجوشی ستارگان چگونه ممکن است؟,stellar-fusion,https://qpedia.ir/stellar-fusion/,2026-09-03 20:30:44,حفظ,همجوشی ستارگان چگونه ممکن است؟,دانش بنیادی کوانتوم,ذرات، میدان‌ها و فیزیک هسته‌ای,هسته، واپاشی و واکنش‌های هسته‌ای,nuclear-physics-decay,,
307,2256,publish,قضیهٔ عدم‌کپی چیست؟,no-cloning-theorem,https://qpedia.ir/no-cloning-theorem/,2026-09-03 20:30:44,حفظ,قضیهٔ عدم‌کپی چیست؟,دانش بنیادی کوانتوم,مبانی فیزیک کوانتومی,اثرها و پدیده‌های کوانتومی,quantum-effects-phenomena,,
308,2257,publish,گیت کوانتومی چیست؟,quantum-gate,https://qpedia.ir/quantum-gate/,2026-09-03 20:30:44,حفظ,گیت کوانتومی چیست؟,اطلاعات و فناوری کوانتومی,رایانش کوانتومی,کیوبیت، گیت و مدار کوانتومی,qubits-gates-circuits,,
309,2258,publish,شبیه‌سازی کوانتومی چیست؟,quantum-simulation,https://qpedia.ir/quantum-simulation/,2026-09-03 20:30:44,حفظ,شبیه‌سازی کوانتومی چیست؟,اطلاعات و فناوری کوانتومی,رایانش کوانتومی,نرم‌افزار، برنامه‌نویسی و شبیه‌سازی,quantum-software-programming-simulation,,
310,2760,publish,تله پورت پیوسته؛ موج نور نه فقط کیوبیت,continuous-variable-teleportation,https://qpedia.ir/continuous-variable-teleportation/,2026-09-09 18:03:03,حفظ,تله پورت پیوسته؛ موج نور نه فقط کیوبیت,اطلاعات و فناوری کوانتومی,ارتباطات، شبکه و امنیت کوانتومی,ارتباط و تله‌پورت کوانتومی,quantum-communication-teleportation,,
